"cat","jan","qty","name","sell","cost","sell_tax"
"0","000451409148","1","","0","0","0"
"0","000496986338","31","","0","0","0"
"0","0459598629307","36","","0","0","0"
"0","0459598629308","2","","0","0","0"
"0","1000004969863","1","","0","0","0"
"0","1458214374119","10","","0","0","0"
"0","1490107126850","1","","0","0","0"
"0","2300004162451","1","","0","0","0"
"0","3101034","4","","0","0","0"
"0","3498771500533","5","","0","0","0"
"0","4047872743389","1","","0","0","0"
"0","4251855900618","1","","0","0","0"
"0","4515042299009","2","","0","0","0"
"0","4526858050647","40","","0","0","0"
"0","4537944998026","1","","0","0","0"
"0","4538833203399","6","","0","0","0"
"0","4547432424869","10","","0","0","0"
"0","4548413486166","1","","0","0","0"
"0","4550585175205","2","","0","0","0"
"0","4550585175236","2","","0","0","0"
"0","4550585223708","3","","0","0","0"
"0","4550585223746","2","","0","0","0"
"0","4550585426178","1","","0","0","0"
"0","4550585426208","1","","0","0","0"
"0","4560160760740","1","","0","0","0"
"0","4562215270013","1","","0","0","0"
"0","4562215270020","2","","0","0","0"
"0","4562215270037","3","","0","0","0"
"0","4562215276978","1","","0","0","0"
"0","4562215276985","1","","0","0","0"
"0","4562215277081","1","","0","0","0"
"0","4571621443270","1","","0","0","0"
"0","4571621443447","1","","0","0","0"
"0","4573236510347","1","","0","0","0"
"0","4573451940592","1","","0","0","0"
"0","4573451940677","2","","0","0","0"
"0","4580373436607","1","","0","0","0"
"0","4582105370951","7","","0","0","0"
"0","4582105370975","1","","0","0","0"
"0","4582229422215","0","","0","0","0"
"0","4589929457264","65","","0","0","0"
"0","4589979561300","2","","0","0","0"
"0","4595987346099","7","","0","0","0"
"0","4900070181714","4","","0","0","0"
"0","4900998141012","24","","0","0","0"
"0","4900998150427","1","","0","0","0"
"0","4901139504970","10","","0","0","0"
"0","4901139504987","10","","0","0","0"
"0","4901755559057","6","","0","0","0"
"0","4901771319024","11","","0","0","0"
"0","4902508273954","90","","0","0","0"
"0","4903015329202","13","","0","0","0"
"0","4903080216322","8","","0","0","0"
"0","4903080216353","6","","0","0","0"
"0","4903725519610","3","","0","0","0"
"0","4903725519672","1","","0","0","0"
"0","4904601121026","196","","0","0","0"
"0","4932480000217","1","","0","0","0"
"0","4934651515780","1","","0","0","0"
"0","4948466392313","4","","0","0","0"
"0","4948466392320","3","","0","0","0"
"0","4948466392337","6","","0","0","0"
"0","4948466392351","15","","0","0","0"
"0","4948466392375","7","","0","0","0"
"0","4948466392382","1","","0","0","0"
"0","4955129035388","8","","0","0","0"
"0","4958995073331","1","","0","0","0"
"0","4958995760422","300","","0","0","0"
"0","4959456115119","10","","0","0","0"
"0","4970381802721","2","","0","0","0"
"0","4971032753119","1","","0","0","0"
"0","4972525804882","9","","0","0","0"
"0","4973077567911","3","","0","0","0"
"0","4973202301366","5","","0","0","0"
"0","4976558007258","4","","0","0","0"
"0","4977017031159","600","","0","0","0"
"0","4987086501569","1","","0","0","0"
"0","4987086533812","1","","0","0","0"
"0","4987382044173","2","","0","0","0"
"0","4987382044197","4","","0","0","0"
"0","4987458210716","4","","0","0","0"
"0","4987458210730","1","","0","0","0"
"0","4987601591860","1","","0","0","0"
"0","4987601592058","2","","0","0","0"
"0","4987601592065","2","","0","0","0"
"0","4987601592089","2","","0","0","0"
"0","4987601592157","2","","0","0","0"
"0","4987601592164","2","","0","0","0"
"0","4987601592171","2","","0","0","0"
"0","4987601592225","2","","0","0","0"
"0","4987601594700","2","","0","0","0"
"0","4987601594717","2","","0","0","0"
"0","4987601594779","2","","0","0","0"
"0","4987601594793","2","","0","0","0"
"0","4987601594816","3","","0","0","0"
"0","4987601594823","2","","0","0","0"
"0","4987601594830","2","","0","0","0"
"0","4987601594922","2","","0","0","0"
"0","4987601594939","2","","0","0","0"
"0","4987601595059","4","","0","0","0"
"0","4987601595066","2","","0","0","0"
"0","4987601595196","2","","0","0","0"
"0","4987601595226","2","","0","0","0"
"0","4987601595264","2","","0","0","0"
"0","4987601595295","2","","0","0","0"
"0","4987601595301","2","","0","0","0"
"0","4987601595318","3","","0","0","0"
"0","4987601595400","2","","0","0","0"
"0","4987601595417","2","","0","0","0"
"0","4987601595530","4","","0","0","0"
"0","4987603173453","15","","0","0","0"
"0","4996740556289","2","","0","0","0"
"0","7059280040162","4","","0","0","0"
"0","768455142361","3","","0","0","0"
"0","768455151134","5","","0","0","0"
"0","768455157273","1","","0","0","0"
"0","8000004517427","1","","0","0","0"
"0","8490136035399","1","","0","0","0"
"0","8490277720472","0","","0","0","0"
"0","8490288827471","0","","0","0","0"
"0","ZB03801","4","","0","0","0"
"4","4901001644346","11","","172","126.00","186"
"4","4901001752188","22","味の素 スープDELI たらこクリームスープパスタ 44.2g","172","126.00","186"
"4","4901001864881","14","味の素 スープDELI 完熟トマトのスープパスタ 40.6g","172","126.00","186"
"4","4901001925940","24","味の素 クノール スープDELI ポルチーニ香るきのこのクリームスープパスタ 42.3g","172","126.00","186"
"4","4901001941735","10","","172","126.00","186"
"4","4901001973361","11","","172","126.00","186"
"4","4901071245399","15","エースコック だしの旨みで減塩 鶏炊きうどん 45g","161","120.00","174"
"4","4901071245405","18","エースコック だしの旨みで減塩 小海老天そば 42g","161","120.00","174"
"4","4901071405168","16","エースコック スープはるさめ 鶏白湯 22g","182","132.00","197"
"4","4901085650424","12","","179","135.00","193"
"4","4901734051268","12","サンヨー食品 名店の味 天下一品 京都濃厚鶏白湯 135g","330","241.00","356"
"4","4901990372657","15","マルちゃん でかまる もやし味噌ラーメン 161g","271","196.00","293"
"4","4901990374033","13","マルちゃん 赤いきつねうどん 2枚入りお揚げ","248","179.00","268"
"4","4902881458450","9","","198","144.00","214"
"4","4902885000686","2","","193","146.00","208"
"7","4528457000283","5","","723","535.00","781"
"7","4534551012046","3","","550","349.00","594"
"7","4902757811907","4","","460","360.00","497"
"7","4970088370103","1","","4006","3300.00","4326"
"7","4973877000861","10","","240","156.00","259"
"7","4987040808277","4","","1500","1059.00","1620"
"7","4987320670044","4","","1160","929.00","1253"
"7","4987439196930","7","","11000","9270.00","11880"
"19","4955595502841","36","","500","475.00","550"
"22","2307200101475","61","","10","9.00","11"
"22","2307200101963","10","","1","1.00","1"
"22","2307200103813","178","","129","80.60","142"
"22","2307200106197","8","","77","85.00","85"
"29","2307200105398","3","","3383","2351.00","3721"
"29","2307200105404","2","","2580","1519.00","2838"
"29","2307200105411","2","","3136","2195.45","3450"
"29","4900070138718","47","プロケアーリムーバー 13871（ストーマ用装具除去剥離剤）50枚","2200","1720.00","2420"
"30","2307200101994","23","","75","74.07","82"
"30","2307200102106","4","","850","687.00","935"
"30","4987715002009","2","","8930","7430.00","9823"
"34","2074010001676","1","デュオアクティブＣＧＦ　１０×１０　（１枚）","1700","1200.00","1870"
"34","2307200102489","15","","3866","2400.00","4253"
"34","4987350373434","55","テルモ メディセーフフィット MS-FR201B（血糖測定器）","7777","5990.00","8555"
"34","4987350968555","22","テルモ メディセーフフィットスマイル（自己検査用グルコース測定器）","7777","5900.00","8555"
"34","4987439083445","85","FreeStyleリブレ Reader（読取装置）","7089","4333.00","7798"
"34","4987892033858","58","テルモ電子血圧計エレマーノ2 本体+腕帯(Mサイズ) 通信機能付 ES-H56D","35000","22120.00","38500"
"10","4537944197702","1","","7600","4940.00","8360"
"10","4537944198402","1","","7600","4940.00","8360"
"10","4537944210432","5","","2200","1298.00","2420"
"10","4537944210531","4","","2200","1298.00","2420"
"10","4537944210630","4","","2200","1298.00","2420"
"10","4537944210739","2","","2200","1298.00","2420"
"10","4537944210838","3","","2200","1298.00","2420"
"10","4562146815284","2","","2762","1020.00","3038"
"10","4562146815291","3","","2762","1020.00","3038"
"10","4562146815871","3","","5200","2080.00","5720"
"10","4562146815888","1","","5200","2080.00","5720"
"10","4562146815895","2","","5200","2080.00","5720"
"10","4562146815901","3","","5200","2080.00","5720"
"10","4562146815918","2","","5200","2080.00","5720"
"10","4562146815932","1","","5200","2080.00","5720"
"10","4571108512321","2","","7200","4320.00","7920"
"10","4571108512338","2","","7200","4320.00","7920"
"10","4571108512352","3","","7200","4320.00","7920"
"10","4571108512369","2","","7200","4320.00","7920"
"10","4571108512376","2","","7200","4320.00","7920"
"10","4571108512888","2","","7200","4320.00","7920"
"10","4571108512895","2","","7200","4320.00","7920"
"10","4571108512901","2","","7200","4320.00","7920"
"10","4571108512925","2","","7200","4320.00","7920"
"10","4571108512932","1","","7200","4320.00","7920"
"10","4580149121799","1","","5200","1872.00","5720"
"10","4580149121805","1","","5200","1872.00","5720"
"10","4580149121812","1","","5200","1872.00","5720"
"10","4580149121829","3","","5200","1872.00","5720"
"10","4580149121836","1","","5200","1872.00","5720"
"10","4580149121850","3","","5200","1872.00","5720"
"10","4580149121867","3","","5200","1872.00","5720"
"10","4580149121881","1","","5200","1872.00","5720"
"10","4580149121898","2","","5200","1872.00","5720"
"10","4580149123045","1","","5200","2080.00","5720"
"10","4903735809770","2","","3800","2850.00","4180"
"10","4958995911329","4","","2000","1365.00","2200"
"10","4958995911336","16","","2000","1365.00","2200"
"10","4958995911350","4","","2000","1365.00","2200"
"10","4958995911367","7","","2000","1365.00","2200"
"10","4958995913927","9","","2000","1100.00","2200"
"10","4958995913934","6","","2000","1100.00","2200"
"10","4958995913941","29","","2000","1100.00","2200"
"10","4958995913958","20","","2000","1100.00","2200"
"10","4958995913965","10","","1909","1100.00","2100"
"10","4958995917529","14","","2200","1200.00","2420"
"10","4958995917536","9","","2200","1200.00","2420"
"10","4958995917543","14","","2200","1200.00","2420"
"10","4958995917550","7","","2200","1200.00","2420"
"10","4958995917567","12","","2200","1200.00","2420"
"10","4991203164018","11","","200","136.00","220"
"13","2035030000018","2081","","350","190.00","385"
"13","2035030000025","11","","100","75.00","110"
"13","2290000038709","4","","379","294.44","417"
"13","4580884802281","100","","381","218.18","419"
"13","4901601972962","3","","1300","819.00","1430"
"13","4901681144716","16","","100","65.00","110"
"13","4901681504114","16","","150","98.00","165"
"13","4901681504213","13","","120","87.00","132"
"13","4901681588831","14","","300","210.00","330"
"13","4901771069547","4","","150","78.00","165"
"13","4901771069646","1","","900","488.00","990"
"13","4902031000140","6","","130","78.00","143"
"13","4902506141088","11","","500","325.00","550"
"13","4902506145758","7","","300","195.00","330"
"13","4902778700907","11","","100","65.00","110"
"13","4902778700914","8","","100","65.00","110"
"13","4903076009075","9","","170","111.00","187"
"13","4904810741374","2","","545","351.00","600"
"13","4987353190113","4","","640","367.00","704"
"13","4990097138280","10","","2800","1684.00","3080"
"13","4990097138297","11","","2800","1684.00","3080"
"13","4990097138310","9","","2800","1684.00","3080"
"24","3700327217019","3","","1500","1270.00","1650"
"24","4903301010975","2","","650","455.00","715"
"24","4903301116486","2","","545","274.00","600"
"24","4903301177050","3","","890","605.00","979"
"24","4903301177159","1","","950","640.00","1045"
"24","4903301393573","3","","800","274.00","880"
"24","4987015093219","22","","380","265.00","418"
"24","4987028110552","1","","540","373.00","594"
"24","4987028115069","2","","980","637.00","1078"
"24","4987033409047","2","","590","263.00","649"
"24","4987035566113","2","","300","205.00","330"
"24","4987060007490","6","","1000","736.00","1100"
"24","4987067231102","1","","700","455.00","770"
"24","4987067284504","1","","659","396.00","725"
"24","4987072004708","2","","970","770.00","1067"
"24","4987084410801","2","","880","642.00","968"
"24","4987087022254","3","","614","423.00","675"
"24","4987087041811","2","","670","450.00","737"
"24","4987087041965","1","","580","357.00","638"
"24","4987107604972","2","","980","630.00","1078"
"24","4987107608703","2","","950","600.00","1045"
"24","4987107615527","2","","790","616.00","869"
"24","4987107615626","0","","1580","1027.00","1738"
"24","4987110001638","0","","1000","650.00","1100"
"24","4987110004240","1","","900","568.00","990"
"24","4987138469403","2","","2200","1100.00","2420"
"24","4987138481245","3","","1500","820.00","1650"
"24","4987138481276","3","","1500","789.00","1650"
"24","4987138481337","2","","1200","631.00","1320"
"24","4987145100146","1","","980","617.00","1078"
"24","4987167007263","1","","1200","780.00","1320"
"24","4987188115114","1","","1361","903.00","1497"
"24","4987188166048","2","","1886","1498.00","2075"
"24","4987188188286","1","","2640","1800.00","2904"
"24","4987240210535","4","","700","442.00","770"
"24","4987241100187","2","","930","424.00","1023"
"24","4987241100200","2","","930","651.00","1023"
"24","4987241100378","1","","800","560.00","880"
"24","4987241100941","1","","790","616.00","869"
"24","4987241100996","1","","750","540.00","825"
"24","4987241104260","2","","370","266.00","407"
"24","4987241124015","6","","2000","1260.00","2200"
"24","4987241133581","3","","800","560.00","880"
"24","4987241150175","1","","740","385.00","814"
"24","4987241165100","0","","780","630.00","858"
"24","4987246602112","2","","1440","1020.00","1584"
"24","4987286312712","7","","160","95.00","176"
"24","4987286319094","13","","213","128.00","234"
"24","4987290138728","1","","560","350.00","616"
"24","4987306001046","3","","600","700.00","660"
"24","4987306001299","1","","1080","480.00","1188"
"24","4987306009639","1","","870","679.00","957"
"24","4987306019492","1","","850","850.00","935"
"24","4987306021242","7","","980","820.00","1078"
"24","4987306047372","2","","1496","893.00","1646"
"24","4987306054776","1","","1110","740.00","1221"
"24","4987306054837","1","ビオフェルミン止瀉薬　１．２ｇ×１２包","1200","864.00","1320"
"24","4987306055803","1","","1200","900.00","1320"
"24","4987316018751","1","","700","405.00","770"
"24","4987316026589","1","","780","510.00","858"
"24","4987373081989","4","","900","460.00","990"
"24","4987426002060","0","","1400","946.00","1540"
"24","4987774065489","1","","380","258.00","418"
"24","4987774065496","1","","650","442.00","715"
"24","4987904100219","2","","1080","820.00","1188"
"24","5060045000392","354","ナサリーズ 800mg","2700","1944.00","2970"
"33","2200000007308","2","","1666","1433.33","1833"
"33","2200000007445","1","","1203","1035.18","1323"
"33","2307200104452","30","","5000","4875.00","5500"
"33","2307200104469","40","","2000","1990.00","2200"
"33","2307200104476","42","","10000","9980.00","11000"
"33","2307200105664","1","","1050","1000.00","1155"
"33","2307200106128","2","","40","40.00","44"
"33","2307200106135","218","","110","110.00","121"
"33","2307200106142","100","","180","180.00","198"
"33","2307200106159","100","","270","270.00","297"
"33","4562205555090","144","","627","487.00","690"
"33","4562205555113","34","","500","350.00","550"
"33","4562205555120","150","","500","350.00","550"
"33","4562205555151","88","","120","84.00","132"
"33","4562205555175","449","","120","84.00","132"
"33","4582335646178","4","","11000","7200.00","12100"
"33","4901696584798","1","","2500","1500.00","2750"
"33","4901696584804","1","","2800","1400.00","3080"
"33","4902508005647","2","","1800","1170.00","1980"
"33","4987086550468","108","ジェントレット針 100本入（採血用穿刺針）","2100","1120.00","2310"
"33","4987350303578","39","テルモ サフィードネラトンカテーテル SF-ND1032S 10Fr（男性向け）50本入","2520","1588.00","2772"
"33","4987350966117","119","","550","414.00","605"
"33","4987458958113","24","ニプロFS Next（血糖測定器）","9000","4000.00","9900"
"33","4987715034536","1","","13000","9500.00","14300"
"33","4987892146329","2","","35000","18000.00","38500"
"35","2074010001522","80","","260","193.00","286"
"35","2307200101970","172","","210","140.00","231"
"35","4542187003291","5","","900","720.00","990"
"35","4542187003307","5","","900","720.00","990"
"35","4542187003321","5","","900","720.00","990"
"35","4542187003338","2","","900","720.00","990"
"35","4542187003420","5","","2420","1848.00","2662"
"35","4542187003437","5","","2100","1680.00","2310"
"35","4542187003451","6","","2420","1848.00","2662"
"35","4542187003468","5","","2100","1680.00","2310"
"35","4901080701015","6","","832","572.00","915"
"35","4901080703316","6","","968","673.00","1065"
"35","4901730021913","7","","850","553.00","935"
"35","4901730077699","13","","850","553.00","935"
"35","4987086506021","5","","2300","1840.00","2530"
"35","4987086550659","6","","2268","1700.00","2495"
"35","4987350244437","777","テルモ メディセーフ針 ファインタッチ専用 30本","480","335.00","528"
"35","4987350379092","2","","2850","1910.00","3135"
"35","4987350966094","279","テルモ メディセーフ ファインタッチディスポ 0.8mm 30本入","601","470.00","661"
"35","4987439092928","192","FreeStyleリブレ2 センサー（アボット）","6900","5950.00","7590"
"35","4987439092935","36","FreeStyleリブレ2 Reader","7089","6150.00","7798"
"35","4987715005338","14","コンバテック デュオアクティブET 10cm×10cm 10枚入","8000","6664.00","8800"
"35","4987892033797","117","テルモ アームイン血圧計 電子血圧計 ES-P2020ZZ","13000","9900.00","14300"
"35","4987892033810","145","テルモ電子血圧計P2020 データ通信機能有 ES-P2020DZ","15000","11250.00","16500"
"35","4987892116940","14","テルモ パルスオキシメータA ファインパルスSP2","53000","38500.00","58300"
"35","4987892131622","3","テルモ パルスオキシメータA ファインパルスSP2 ZS-NS23","40000","23500.00","44000"
"31","4580179941893","6","","600","318.00","660"
"31","4580179941909","8","","600","318.00","660"
"31","4580179941916","1","","600","318.00","660"
"31","4580179941923","8","","600","318.00","660"
"31","4580179941930","8","","600","318.00","660"
"31","4580179941947","6","","600","318.00","660"
"31","4901750800741","1","","600","323.00","660"
"31","4902011115499","5","","1693","1269.00","1862"
"31","4902011115505","1","","1693","1269.00","1862"
"31","4902011119770","9","","2200","1294.00","2420"
"31","4902011119787","12","","2800","169.00","3080"
"31","4902011741414","14","","933","695.00","1026"
"31","4902011741421","20","","1885","1395.00","2074"
"31","4902011741438","22","","1885","1395.00","2074"
"31","4902011745009","5","","2005","1373.63","2206"
"31","4902011761115","5","","2520","1560.00","2772"
"31","4902011761122","29","","350","210.00","385"
"31","4902011842623","6","","126","97.00","139"
"31","4902011842630","7","","125","97.00","138"
"31","4902011842647","9","","126","97.00","139"
"31","4902011842739","7","","140","90.00","154"
"31","4902011842746","7","","142","90.00","156"
"31","4902508010887","33","","247","163.00","272"
"31","4903111519774","13","","1100","715.00","1210"
"31","4903111537242","7","","2190","1783.00","2409"
"31","4903111537327","7","","2190","1783.00","2409"
"31","4903111537402","4","","2190","1783.00","2409"
"31","4903111576005","6","","2620","1975.00","2882"
"31","4904820502156","33","","400","220.00","440"
"31","4904820520211","343","","109","60.00","120"
"31","4938765006042","3","","800","440.00","880"
"31","4971032720050","79","","400","260.00","440"
"5","2200000013217","5","","537","462.03","580"
"5","2200000013811","11","","925","796.29","999"
"5","45116568","24","ロッテ 雪見だいふく 47ml×2個","210","150.00","227"
"5","45189630","15","ロッテ クーリッシュ ベルギーチョコレート 140ml","189","133.00","204"
"5","45225307","11","","179","126.00","193"
"5","4548933098139","5","","300","204.00","324"
"5","4562452232416","2","","342","239.00","369"
"5","4901071229788","17","エースコック ヌードルはるさめ 1/3日分の野菜 ちゃんぽん味 43g","221","156.00","239"
"5","4901201157547","16","UCC カップコーヒー 2P","180","124.00","194"
"5","4901201157684","10","","500","348.00","540"
"5","4901673866817","2","","138","90.00","149"
"5","4901901014676","2","","254","177.00","274"
"5","4901901014683","3","","356","248.00","384"
"5","4901901014690","2","","356","248.00","384"
"5","4901901127246","4","","282","194.00","305"
"5","4901990050425","28","マルちゃん カップワンタン しょうゆ味 32g","148","111.00","160"
"5","4901990052412","10","マルちゃん ワンタン シーフードスープ味 35g","148","106.00","160"
"5","4902105946756","9","日清 バターチキンカレーメシ まろやか 100g","298","220.00","322"
"5","4902181104378","12","","148","99.00","160"
"5","4902201444521","2","","601","418.00","649"
"5","4902203522371","6","","259","179.00","280"
"5","4902402846469","1","","342","233.00","369"
"5","4902511010690","1","","240","166.00","259"
"5","4902511010706","5","","240","166.00","259"
"5","4902585104172","30","フタバ食品 サクレ Wメロン 200ml","179","126.00","193"
"5","4902705030985","27","明治 エッセルスーパーカップ 超バニラ 200ml","180","126.00","194"
"5","4902720076951","24","森永乳業 ピノ 10ml×6","189","133.00","204"
"5","4902720115025","10","","189","133.00","204"
"5","4902720163378","10","","180","126.00","194"
"5","4902788222147","9","","170","119.00","184"
"5","4902820106312","18","丸美屋 ごましお 40g","111","72.00","120"
"5","4902820108026","20","丸美屋 のりたま 大袋 52g","268","184.00","289"
"5","4902880011045","3","","375","262.00","405"
"5","4902881431996","6","","185","128.00","200"
"5","4902881432474","10","","185","123.00","200"
"5","49169157","20","Ohayo ジャージー牛乳ソフトアイス","260","182.00","281"
"5","49386288","22","ロッテ クーリッシュ バニラ 140ml","189","133.00","204"
"5","4953823588681","16","ロッテ 爽 贅沢濃い味抹茶 185ml","230","161.00","248"
"5","4953823662909","11","","189","133.00","204"
"5","4953823856681","9","","180","126.00","194"
"5","49645422","60","キッコーマン 特選丸大豆しょうゆ 100ml","169","114.00","183"
"5","4976994151034","9","ハーゲンダッツ クリスピーサンド ザ・リッチキャラメル 60ml","345","240.00","373"
"5","4976994151096","5","","345","240.00","373"
"5","4976994205027","7","ハーゲンダッツ ミニカップ ストロベリー 110ml","345","240.00","373"
"5","4976994205034","6","","345","240.00","373"
"5","4976994206215","7","ハーゲンダッツ ミニカップ ラムレーズン 110ml","345","240.00","373"
"5","4976994206338","12","ハーゲンダッツ ミニカップ マカデミアナッツ 110ml","345","240.00","373"
"5","4976994207021","7","ハーゲンダッツ ミニカップ ザ・ミルク 110ml","345","240.00","373"
"5","4976994207151","11","ハーゲンダッツ ROCKY CRUNCH ソルティハニーバター","345","240.00","373"
"5","4976994207168","12","ハーゲンダッツ ROCKY CRUNCHY ストロベリーブラックココア 88ml","345","240.00","373"
"5","4976994207175","12","ハーゲンダッツ ミニカップ ガナッシュショコラ 110ml","345","240.00","373"
"5","4976994207182","5","","345","240.00","373"
"5","4976994720018","19","ハーゲンダッツ バー バニラチョコレートマカデミア 80ml","345","240.00","373"
"5","4976994720278","5","","345","240.00","373"
"5","4978002001430","26","丸永製菓 あいすまんじゅう 北海道あずき 90ml","179","126.00","193"
"5","49840131","44","キユーピー マヨネーズ 50g","100","68.00","108"
"5","4987035032618","17","大塚製薬 カロリーメイト ブロック メープル味 2本入","138","88.00","149"
"5","4987035090014","6","","250","175.00","270"
"5","4987035092513","4","","138","88.00","149"
"5","4987035649014","17","大塚製薬 カロリーメイト ブロック バニラ味 2本入","138","88.00","149"
"12","2200000000408","3","","1454","1333.00","1599"
"12","2307200103714","8","","890","765.45","979"
"12","2307200104094","3","","1300","750.00","1430"
"12","2307200104117","1","","1300","750.00","1430"
"12","2307200104124","2","","1300","750.00","1430"
"12","2307200104131","3","","1300","750.00","1430"
"12","2307200104148","3","","1300","750.00","1430"
"12","2307200104155","2","","1300","750.00","1430"
"12","2307200104162","1","","1300","750.00","1430"
"12","2307200104179","3","","1300","750.00","1430"
"12","2307200104186","1","","1300","750.00","1430"
"12","2307200104193","5","","1300","750.00","1430"
"12","2307200104209","3","","1300","750.00","1430"
"12","2307200105244","1","","1300","750.00","1430"
"12","2307200105251","1","","1300","750.00","1430"
"12","2307200105640","2","","2600","1500.00","2860"
"12","4544877510744","1","","7000","3500.00","7700"
"12","4571119648460","2","","2500","1250.00","2750"
"12","4571119648477","2","","2000","1000.00","2200"
"12","4571212863128","11","","1500","556.00","1650"
"12","4582229422390","33","","4454","2695.00","4899"
"12","4582229422406","32","","3807","2094.00","4188"
"12","4582229422444","31","","2454","1341.00","2699"
"12","4582229422857","11","","2686","1477.00","2955"
"12","4582229424271","4","","5452","2726.00","5997"
"12","4582229428354","22","","3300","1815.00","3630"
"12","4595644705016","2","","3400","2400.00","3740"
"12","4595644705047","10","","4000","2400.00","4400"
"12","4901301007841","169","","150","105.00","165"
"12","4901301014627","119","","200","135.00","220"
"12","4901301026170","8","","315","215.00","346"
"12","4901301218445","14","","300","234.00","330"
"12","4901301253552","6","","580","435.00","638"
"12","4901301259714","19","","330","227.70","363"
"12","4901696583302","2","","1000","700.00","1100"
"12","4901696584781","1","","3600","2160.00","3960"
"12","4902508100304","12","","350","245.00","385"
"12","4934651504142","3","","2500","1625.00","2750"
"12","4934651504159","1","","2500","1625.00","2750"
"12","4934651504166","2","","2200","1430.00","2420"
"12","4934651504173","3","","4000","2600.00","4400"
"12","4934651504180","3","","4000","2600.00","4400"
"12","4934651504197","2","","4000","2600.00","4400"
"12","4934651504210","1","","3200","2080.00","3520"
"12","4934651504227","3","","3200","2080.00","3520"
"12","4934651504234","5","","2000","1300.00","2200"
"12","4934651504241","2","","3000","1950.00","3300"
"12","4934651504258","3","","4000","2600.00","4400"
"12","4934651504265","11","","3000","1950.00","3300"
"12","4934651504272","9","","3500","2274.54","3850"
"12","4934651510174","1","","2000","1300.00","2200"
"12","4934651514011","2","","4000","2600.00","4400"
"12","4934651514028","6","","4000","26.00","4400"
"12","4934651514035","6","","4000","3250.00","4400"
"12","4934651514042","4","","5000","1950.00","5500"
"12","4934651514059","3","","3000","1950.00","3300"
"12","4934651514080","2","","1500","975.00","1650"
"12","4934651515339","3","","5000","3250.00","5500"
"12","4934651515346","4","","4000","2600.00","4400"
"12","4934651515414","3","","4000","2600.00","4400"
"12","4934651515421","3","","4000","2600.00","4400"
"12","4934651515537","1","","3500","2275.00","3850"
"12","4934651515544","2","","3500","2275.00","3850"
"12","4934651515551","3","","4000","2600.00","4400"
"12","4934651515797","3","","1500","975.00","1650"
"12","4934651516015","3","","4500","2925.00","4950"
"12","4934651516022","2","","5000","3250.00","5500"
"12","4934651516046","1","","5200","3380.00","5720"
"12","4934651516107","2","","4800","3120.00","5280"
"12","4934651516121","3","","3500","2275.00","3850"
"12","4934651516190","2","","4000","2600.00","4400"
"12","4934651516282","2","","5000","3250.00","5500"
"12","4934651516329","1","","4000","2600.00","4400"
"12","4934651516336","2","","4000","2600.00","4400"
"12","4934651516398","2","","1800","1105.00","1980"
"12","4934651518019","2","","2000","1300.00","2200"
"12","4934651518026","3","","2000","1300.00","2200"
"12","4934651518033","3","","2200","1430.00","2420"
"12","4934651518040","4","","2500","1625.00","2750"
"12","4934651518064","2","","2851","1680.00","3136"
"12","4934651571014","6","","1000","650.00","1100"
"12","4934651571069","1","","1800","1170.00","1980"
"12","4934651571168","7","","1600","1040.00","1760"
"12","4934651572011","6","","800","520.00","880"
"12","4934651572028","5","","800","520.00","880"
"12","4934651572035","3","","1200","780.00","1320"
"12","4934651572042","2","","1200","780.00","1320"
"12","4934651573018","2","","1600","1040.00","1760"
"12","4934651574022","5","","1600","1040.00","1760"
"12","4934651574039","6","","1600","1040.00","1760"
"12","4934651574046","5","","1600","1040.00","1760"
"12","4934651574053","2","","1500","975.00","1650"
"12","4934651576019","2","","1800","1170.00","1980"
"12","4934651576033","3","","1800","1170.00","1980"
"12","4934651576163","2","","2200","1430.00","2420"
"12","4934651576170","5","","1200","780.00","1320"
"12","4934651577047","3","","1500","975.00","1650"
"12","4934651578020","3","","1200","780.00","1320"
"12","4934651579010","1","","2500","1625.00","2750"
"12","4934651579027","1","","2000","1300.00","2200"
"12","4934651579034","4","","2000","1300.00","2200"
"12","4949176022675","5","","180","135.00","198"
"12","4958181228446","12","","3600","2127.27","3960"
"12","4958181228453","6","","3600","2127.27","3960"
"12","4958181228460","24","","3600","2127.27","3960"
"12","4970170108102","1","","930","630.00","1023"
"12","4970170108119","2","","930","630.00","1023"
"12","4970170108133","3","","1000","650.00","1100"
"12","4975175023221","5","","523","335.00","575"
"12","4979231400230","3","","436","212.00","480"
"12","4979231400247","4","","400","212.00","440"
"12","4987241113163","6","","1800","1080.00","1980"
"12","4987241133437","3","","2000","1200.00","2200"
"12","4987241133444","4","","7500","4725.00","8250"
"12","4987286413440","2","","569","358.00","626"
"12","4987286417943","4","","1545","1105.00","1700"
"12","4987480003010","1","","9090","6000.00","9999"
"12","4987480017017","2","","2500","1500.00","2750"
"12","4987480017024","1","","4500","2800.00","4950"
"12","4987480017031","1","","4500","2800.00","4950"
"12","4987480017055","1","","10000","5000.00","11000"
"12","4987480017086","1","","6000","3200.00","6600"
"12","4987767602653","1","","2400","1680.00","2640"
"12","4987767602660","1","","1000","700.00","1100"
"12","4987767602677","1","","1600","1120.00","1760"
"12","810866010576","7","ZO SKIN HEALTH ピグメントコントロール ブレンディングクリーム 80ml","12400","6820.00","13640"
"12","810866017964","3","","19800","10890.00","21780"
"6","4530017000015","9","","134","92.00","147"
"6","4534551012060","1","","659","461.11","725"
"6","4534551012923","3","","950","760.00","1045"
"6","4534551013296","4","","739","588.00","813"
"6","4534551013319","1","","930","599.00","1023"
"6","4539589020476","30","","250","150.00","275"
"6","4539589170553","22","","235","160.00","258"
"6","4548933098146","3","","360","240.00","396"
"6","4560375430636","74","サンファイバープラス 6g×30包（太陽化学）","2685","1900.00","2954"
"6","4562355175391","16","","222","155.00","244"
"6","4570049240010","10","明治 NMNサプリ Platinum 60粒","18333","12900.00","20166"
"6","4571348430133","298","11-1（いちいちのいち）乳酸菌サプリメント 60g（2g×30包）","8900","4895.00","9790"
"6","4580312480012","18","ブロリコ 90錠","5092","3590.00","5601"
"6","4580554011210","2666","","2945","1395.00","3240"
"6","4582229422192","4","","5200","3900.00","5720"
"6","4582409170035","7","","278","184.00","306"
"6","4589859281014","13","キリン オルニュート ゆず味 5g×30スティック","6000","4200.00","6600"
"6","4595641544014","3","","8796","4752.00","9676"
"6","4901001052356","5","","212","144.00","233"
"6","4901001052387","6","","212","144.00","233"
"6","4901001052424","7","","259","180.00","285"
"6","4901071229764","7","","221","156.00","243"
"6","4901071237479","28","","215","148.00","237"
"6","4901071276942","1","","146","106.00","161"
"6","4901071408183","12","","298","208.00","328"
"6","4901071409234","3","","258","185.00","284"
"6","4901071409579","1","","348","249.00","383"
"6","4901085632482","1","","402","280.00","442"
"6","4901111797307","8","","340","255.00","374"
"6","4901150110037","1","","168","120.00","185"
"6","4901150110099","2","","168","120.00","185"
"6","4901150110112","2","","168","120.00","185"
"6","4901150110211","1","","165","120.00","182"
"6","4901201116575","3","","416","290.00","458"
"6","4901577073557","1","","305","210.00","336"
"6","4901577073564","3","","305","210.00","336"
"6","4901677193148","7","","336","238.00","370"
"6","4901688130606","1","","164","115.00","180"
"6","4901734059462","1","","213","145.00","234"
"6","4901734060130","12","","271","176.00","298"
"6","4901734060611","6","","175","126.00","193"
"6","4901734060635","25","","175","124.00","193"
"6","4901734061489","8","","298","213.00","328"
"6","4901773103034","2","","236","165.00","260"
"6","4901773103072","4","","236","165.00","260"
"6","4901901356141","6","","375","261.00","413"
"6","4901990024518","37","マルちゃん 赤いまめきつねうどん（西）41g","148","111.00","163"
"6","4901990024525","33","","148","111.00","163"
"6","4901990374071","10","","248","179.00","273"
"6","4901990383219","22","","325","234.00","358"
"6","4901990383363","9","","277","197.00","305"
"6","4901990383424","22","","271","186.00","298"
"6","4901990383462","12","","277","197.00","305"
"6","4901990383486","12","","277","197.00","305"
"6","4902105290842","12","","277","205.00","305"
"6","4902105949191","8","","298","217.00","328"
"6","4902388003207","1","","342","236.00","376"
"6","4902471103647","3","","229","146.00","252"
"6","4902471103685","1","","229","161.00","252"
"6","4902471104095","20","","229","139.00","252"
"6","4902471104118","8","","229","139.00","252"
"6","4902471104132","20","","229","139.00","252"
"6","4902705096240","4","","229","160.00","252"
"6","4902705096257","2","","229","160.00","252"
"6","4902705096271","5","","229","160.00","252"
"6","4902705117365","8","","1000","660.18","1100"
"6","4902705120716","8","","1300","910.00","1430"
"6","4902720130363","8","","215","145.00","237"
"6","4902720136082","4","","1400","1120.00","1540"
"6","4902880010130","14","","333","229.00","366"
"6","4902880010536","6","","416","290.00","458"
"6","4902880040113","11","","344","251.00","378"
"6","4902880051249","9","","260","190.00","286"
"6","4902881404570","24","","271","196.00","298"
"6","4902881409063","6","","245","173.00","270"
"6","4902881409100","12","","245","173.00","270"
"6","4902881433075","9","","185","117.00","204"
"6","4902881454575","12","","327","238.00","360"
"6","4902881458863","13","","236","165.00","260"
"6","4902881458979","8","","277","203.00","305"
"6","4902882320176","9","","120","82.00","132"
"6","4934989805300","130","PG加圧バッグⅢ","6666","4840.00","7333"
"6","4960867008754","2","","488","310.00","537"
"6","4961308118230","3","","4900","3429.62","5390"
"6","4970088060097","270","尾西食品 CoCo壱番屋監修 尾西のカレーライスセット","489","375.92","538"
"6","4970088060103","240","尾西食品 CoCo壱番屋監修 尾西のマイルドカレーライスセット","489","375.92","538"
"6","4987028127703","21","","164","119.00","180"
"6","4987035092711","2","","138","88.00","152"
"6","4987035541219","2","","1800","1259.25","1980"
"6","4987035545613","364","大塚製薬 エクエル パウチタイプ 120粒","4000","3044.44","4400"
"6","4987035605027","3","","2481","2100.00","2729"
"6","4987067242405","3","","780","540.00","858"
"6","4987084310460","4","","4600","2415.00","5060"
"6","4987084530035","5","","4600","2415.00","5060"
"6","4987227032440","8","","1980","1386.00","2178"
"6","4987386070239","4","","3013","2470.00","3314"
"6","4987439197470","6","","407","353.00","448"
"6","4987480000927","8","JBP ポーサイン100（プラセンタ）100粒","15000","8000.00","16500"
"6","4987486118541","13","","611","450.00","672"
"6","4987788511033","6","","129","106.00","142"
"6","4987788511163","167","","138","118.00","152"
"6","4987788512030","4","","212","183.00","233"
"6","4987788513525","10","","218","156.00","240"
"6","4987788513532","6","","218","156.00","240"
"6","4987788513549","12","","218","156.00","240"
"26","2033110000255","28","","300","247.00","330"
"26","2073010000511","268","","110","80.90","121"
"26","2073010000528","128","","110","80.90","121"
"26","2073010000535","96","","150","101.81","165"
"26","2073010000665","16","","150","127.27","165"
"26","2073010000719","14","","363","267.00","399"
"26","2307200105749","6","","863","720.00","949"
"26","4548162064028","4","","500","340.00","550"
"26","4548162099730","11","","820","697.00","902"
"26","4548185002304","7","","500","300.00","550"
"26","4562199986153","21","","1800","1440.00","1980"
"26","4580362851008","5","","1700","1190.00","1870"
"26","4580362851015","3","","1669","1190.00","1836"
"26","4580362851022","27","","1500","1072.00","1650"
"26","4901616009042","2","","1800","1350.00","1980"
"26","4901616009059","20","","1700","1275.00","1870"
"26","4901616213944","5","","650","488.00","715"
"26","4901616501331","21","","350","263.00","385"
"26","4901616501652","19","","420","315.00","462"
"26","4901616502598","5","","500","347.00","550"
"26","4903301029625","29","","320","200.00","352"
"26","4903301041122","32","","320","200.00","352"
"26","4903301088615","16","","250","200.00","275"
"26","4903301155607","3","","530","318.00","583"
"26","4903301180500","12","","440","264.00","484"
"26","4903301200291","8","","340","272.00","374"
"26","4903301206347","1","","300","190.00","330"
"26","4903301206644","3","","300","190.00","330"
"26","4903301240815","12","","500","352.00","550"
"26","4903301240822","11","","500","374.00","550"
"26","4903301240839","28","","500","374.00","550"
"26","4903301240860","21","","500","374.00","550"
"26","4903301240884","30","","500","374.00","550"
"26","4903301240891","25","","500","374.00","550"
"26","4903301240907","29","","500","374.00","550"
"26","4903301298779","19","","330","198.00","363"
"26","4903301302285","3","","730","530.00","803"
"26","4903301329770","0","","590","384.00","649"
"26","4903301336044","23","","320","192.00","352"
"26","4903301336051","24","","320","192.00","352"
"26","4903301872238","51","","270","162.00","297"
"26","4903301872245","43","","270","162.00","297"
"26","4903301872252","10","","270","162.00","297"
"26","4954799119046","1","","1500","1020.00","1650"
"26","4958286720388","5","","618","356.00","680"
"26","4971940581002","16","","900","570.00","990"
"26","4973227418520","4","","270","175.00","297"
"26","4987601431265","4","","460","300.00","506"
"26","4987853781613","35","","1000","995.00","1100"
"32","2099060001308","7","","350","245.00","385"
"32","2307200101222","6","","2200","1309.09","2420"
"32","2307200101239","4","","2200","1309.09","2420"
"32","2307200101246","5","","2200","1309.09","2420"
"32","2307200101253","4","","2200","1309.09","2420"
"32","2307200101260","5","","2200","1309.09","2420"
"32","2307200101277","7","","2200","1309.09","2420"
"32","2307200106043","62","","2700","1890.00","2970"
"32","2307200106050","31","","5000","3500.00","5500"
"32","2307200106067","45","","1000","700.00","1100"
"32","4514469007747","9","","3000","1500.00","3300"
"32","4526802502093","7","","1250","813.00","1375"
"32","4526802502116","7","","1400","875.00","1540"
"32","4526802502130","11","","1400","875.00","1540"
"32","4526802502567","10","","1250","813.00","1375"
"32","4539614220321","75","","1178","980.00","1296"
"32","4562215273038","2","","2400","1745.00","2640"
"32","4562215273045","2","","2400","1745.00","2640"
"32","4562215273052","2","","2400","1745.00","2640"
"32","4571621449180","1","","1163","698.18","1279"
"32","4573451940141","1","","2750","2063.00","3025"
"32","4573451940158","1","","2500","1875.00","2750"
"32","4573451940370","1","","13000","9750.00","14300"
"32","4573451940387","1","","13000","9750.00","14300"
"32","4573451940394","1","","15000","11250.00","16500"
"32","4573451940400","1","","15000","11250.00","16500"
"32","4573451940486","1","","2700","2025.00","2970"
"32","4580179940926","4","","880","528.00","968"
"32","4580179940988","26","","500","225.00","550"
"32","4589877320269","1","","2740","2065.00","3014"
"32","4589877320276","1","","2740","2065.00","3014"
"32","4891228313449","15","","315","243.00","346"
"32","4901070129737","4","","413","319.00","454"
"32","4901070130955","3","","378","285.00","416"
"32","4901070130962","3","","378","285.00","416"
"32","4901080700117","10","","800","520.00","880"
"32","4901301013736","4","","674","508.00","741"
"32","4901551357093","3","","422","335.00","464"
"32","4901676095306","8","","400","272.00","440"
"32","4901730014427","6","","730","501.00","803"
"32","4901730077576","4","","880","572.00","968"
"32","4901730081009","23","","240","162.00","264"
"32","4901730150750","5","","628","413.00","691"
"32","4901730160025","4","","1390","914.00","1529"
"32","4901750413378","7","","404","305.00","444"
"32","4901750470173","9","","168","130.00","185"
"32","4901750766054","12","","263","171.00","289"
"32","4901750883911","16","","437","300.00","481"
"32","4902011115482","2","","1693","1269.00","1862"
"32","4902407020352","2","","975","686.00","1072"
"32","4902407020673","4","","880","608.00","968"
"32","4902508011341","134","ピジョン 母乳相談室 哺乳びん 160ml","2000","1160.00","2200"
"32","4902508011464","475","ピジョン 母乳相談室 乳首 SSサイズ","800","520.00","880"
"32","4902508040815","2","","500","325.00","550"
"32","4902508102919","3","","1400","875.00","1540"
"32","4902508107266","1","","2980","2280.00","3278"
"32","4902508107860","7","","933","720.00","1026"
"32","4902508111713","9","","700","450.00","770"
"32","4902508111720","8","","700","450.00","770"
"32","4902508135634","3","","672","476.00","739"
"32","4902508135641","2","","672","476.00","739"
"32","4902508272667","2","","2800","2240.00","3080"
"32","4902610109196","7","","350","228.00","385"
"32","4903111321391","29","","231","159.09","254"
"32","4903111321438","29","","231","159.09","254"
"32","4903111370795","31","","338","235.00","372"
"32","4903111370955","17","","311","235.00","342"
"32","4903336272041","7","","500","377.00","550"
"32","4903336273048","16","","400","283.00","440"
"32","4905203100310","3","","1300","689.00","1430"
"32","4905203100341","2","","1300","689.00","1430"
"32","4906708241300","8","","1100","715.00","1210"
"32","4907706100507","3","","1032","619.00","1135"
"32","4909935100112","2","","809","655.00","890"
"32","4909935100129","1","","809","655.00","890"
"32","4909935100136","2","","809","655.00","890"
"32","4909935100143","2","","809","655.00","890"
"32","4909935100150","2","","809","655.00","890"
"32","4936613072966","8","","281","189.00","309"
"32","4938765006059","3","","800","440.00","880"
"32","4944706400251","6","","2600","1690.00","2860"
"32","4944706400619","4","","1900","1235.00","2090"
"32","4944706400718","4","","1900","1235.00","2090"
"32","4949176022521","1","","180","135.00","198"
"32","4958995849431","1","","4200","2600.00","4620"
"32","4961308116342","1","","900","585.00","990"
"32","4967991503537","1","","1527","890.90","1680"
"32","4967991503582","2","","1527","890.90","1680"
"32","4967991503629","1","","1527","890.90","1680"
"32","4967991503698","1","","1527","890.90","1680"
"32","4970170800259","7","","1800","1080.00","1980"
"32","4970170802178","2","","1500","1000.00","1650"
"32","4972242660006","22","","380","263.00","418"
"32","4972379020438","17","","300","180.00","330"
"32","4972444010876","2","","740","463.00","814"
"32","4972525052788","29","","550","330.00","605"
"32","4972525514088","1","","761","456.00","837"
"32","4972525514323","3","","650","371.00","715"
"32","4972525514446","3","","600","342.00","660"
"32","4972525533621","11","","550","330.00","605"
"32","4972525534550","4","","950","542.00","1045"
"32","4975175024631","4","","2400","1506.00","2640"
"32","4975175024648","1","","2400","1506.00","2640"
"32","4975520827627","2","","1100","694.00","1210"
"32","4975520829270","1","","1600","960.00","1760"
"32","4975520829287","1","","1600","960.00","1760"
"32","4975520830368","2","","1600","960.00","1760"
"32","4975520830382","1","","1400","980.00","1540"
"32","4975520892106","2","","1200","780.00","1320"
"32","4975520895831","5","","900","585.00","990"
"32","4975918920015","5","","180","119.00","198"
"32","4977626731105","2","","500","250.00","550"
"32","4977626733307","1","","4300","1303.00","4730"
"32","4977626733321","1","","4200","1272.00","4620"
"32","4977626733369","2","","4700","1540.00","5170"
"32","4977626733376","1","","5100","1490.00","5610"
"32","4977626733383","1","","5500","1792.00","6050"
"32","4977626733390","1","","5500","1792.00","6050"
"32","4977626733437","1","","5100","1490.00","5610"
"32","4977626735042","1","","6600","4125.00","7260"
"32","4977626735745","1","","6600","4125.00","7260"
"32","4977626735936","2","","3725","1863.00","4098"
"32","4977626737718","1","","7500","3750.00","8250"
"32","4977626738203","1","","55000","35750.00","60500"
"32","4977626738210","1","","13000","8450.00","14300"
"32","4979607002068","16","","422","325.00","464"
"32","4979607002143","12","","130","100.00","143"
"32","4979869002240","2","","550","330.00","605"
"32","4979869002370","12","","1800","1260.00","1980"
"32","4979869004404","20","","550","385.00","605"
"32","4979869004565","10","","1071","825.00","1178"
"32","4979869005500","59","カネソン 母乳バッグ 50ml 20枚入","1200","840.00","1320"
"32","4979869005524","63","カネソン 母乳バッグ 100ml 20枚入","1250","875.00","1375"
"32","4979869006019","10","","809","550.00","890"
"32","4986803803382","3","","900","585.00","990"
"32","4987072401507","16","","225","170.00","248"
"32","4987072401705","10","","498","375.00","548"
"32","4987176032652","3","","2716","1879.00","2988"
"32","4987176032850","3","","1752","1200.00","1927"
"32","4987244166715","7","","720","454.00","792"
"32","4987244166746","9","","201","156.00","221"
"32","4987335510038","1","","1200","675.00","1320"
"32","4987458218705","38","","6500","5500.00","7150"
"32","4987601211287","1","","480","288.00","528"
"32","4987601211294","3","","480","288.00","528"
"32","4987767660516","1","","1780","1390.00","1958"
"32","4987892134968","4","","8800","6571.00","9680"
"32","7612367016612","14","","1545","1150.00","1700"
"32","7612367016711","2","","1545","1150.00","1700"
"3","2200000005489","28","","180","133.33","194"
"3","4514603263213","50","アサヒ飲料 三ツ矢サイダー 500ml","200","130.00","216"
"3","4514603274011","30","アサヒ飲料 ドデカミンストロング 300ml","160","104.00","173"
"3","4514603325812","43","アサヒ ウィルキンソン タンサン 500ml","140","98.00","151"
"3","4514603327212","78","アサヒ飲料 おいしい水 富士山のバナジウム天然水 350ml","125","81.00","135"
"3","4514603347418","53","アサヒ ウィルキンソン タンサン レモン 500ml","140","98.00","151"
"3","4514603448610","39","アサヒ ワンダ 深味カフェオレ 260g","209","135.00","226"
"3","4514603462012","20","アサヒ飲料 三ツ矢特濃ピーチスカッシュ 500ml","200","130.00","216"
"3","4514603470710","39","アサヒ ウィルキンソン タンサン ダブルグレープ 500ml","139","98.00","150"
"3","4514603470819","71","三ツ矢 ウルトラストロングレモン 600ml","200","130.00","216"
"3","4514603492514","35","アサヒ飲料 ドデカミンのゼロが好きだと叫びたい 500ml","200","130.00","216"
"3","4530503700016","7","","181","133.00","195"
"3","4530503875080","15","","148","109.00","160"
"3","4582194812417","120","アクシス オキシゲナイザー 高濃度酸素水 350ml","138","107.00","149"
"3","4582409175191","26","ポッカサッポロ つぶたっぷり贅沢みかん 400g","210","147.00","227"
"3","4589850829062","58","ポッカサッポロ キレートレモン Wレモン 500ml","200","130.00","216"
"3","4901005003613","37","江崎グリコ 毎日ビテツ オレンジ 100ml","136","104.00","147"
"3","4901005003651","41","江崎グリコ 毎日ビテツ キャロット&アップル 100ml","138","104.00","149"
"3","4901005003705","23","グリコ 毎日ビテツ フルーツミックス","138","104.00","149"
"3","4901085002605","39","伊藤園 お〜いお茶 濃い茶 600ml","129","90.00","139"
"3","4901085003800","136","伊藤園 お～いお茶 緑茶 600ml","138","99.00","149"
"3","4901085044445","28","伊藤園 健康ミネラルむぎ茶 250ml紙パック","101","70.00","109"
"3","4901085046449","33","伊藤園 1日分の野菜 紙パック 200ml","129","88.00","139"
"3","4901085161982","108","伊藤園 タリーズコーヒー バリスタズブラック 390ml","192","135.00","207"
"3","4901085179611","165","伊藤園 健康ミネラルむぎ茶 650ml","129","90.00","139"
"3","4901085191927","113","伊藤園 お～いお茶 ほうじ茶 600ml","129","90.00","139"
"3","4901085192771","176","伊藤園 お～いお茶 ほうじ茶 電子レンジ対応 345ml","148","95.00","160"
"3","4901085193839","170","伊藤園 お～いお茶 緑茶 電子レンジ対応 345ml","148","95.00","160"
"3","4901085195499","37","伊藤園 伝承の健康茶 そば茶 500ml","129","90.00","139"
"3","4901085603130","69","伊藤園 W（ダブリュー）coffee 劇的微糖 165g缶","129","85.00","139"
"3","4901085603154","74","伊藤園 Wコーヒー ブラック 165g","129","85.00","139"
"3","4901085603178","64","伊藤園 Wコーヒー カフェオレ 165g","129","85.00","139"
"3","4901085613054","59","伊藤園 タリーズコーヒー バリスタズ エスプレッソ 180g","129","90.00","139"
"3","4901085613580","119","伊藤園 タリーズコーヒー バリスタズ 無糖ラテ 370ml","201","141.00","217"
"3","4901085615393","53","伊藤園 ヘルシールイボスティー 600ml","129","90.00","139"
"3","4901085622490","31","伊藤園 毎日1杯の青汁 すっきり無糖 200ml","130","80.00","140"
"3","4901085624432","48","伊藤園 栄養強化型 1日分の野菜 265g","160","112.00","173"
"3","4901085626542","17","伊藤園 タリーズコーヒー バリスタズブレンド HOT&COLD 220ml","166","115.00","179"
"3","4901085632468","6","伊藤園 お〜いお茶エコティーバッグ 抹茶入り緑茶 20袋","402","280.00","434"
"3","4901085632505","10","伊藤園 お〜いお茶 抹茶入り玄米茶ティーバッグ 20袋","402","280.00","434"
"3","4901085634585","133","伊藤園 リラックスジャスミンティー 600ml","129","90.00","139"
"3","4901085634646","11","伊藤園 リラックスジャスミンティー 2L","459","180.00","496"
"3","4901085647103","8","","166","110.00","179"
"3","4901085653463","27","伊藤園 タリーズコーヒー バリスタズ ブラック キリマンジャロ 390ml","201","135.00","217"
"3","4901085660751","24","伊藤園 もぐっと ナタデココ&とろっとマンゴー 380g","166","110.00","179"
"3","4901085661611","34","伊藤園 お〜いお茶 濃い茶ストロング 470ml","129","90.00","139"
"3","4901085663370","277","伊藤園 お～いお茶 ピュアグリーン 600ml","111","80.00","120"
"3","4901085663394","84","伊藤園 お〜いお茶 レモングリーン 600ml","111","80.00","120"
"3","4901306013427","30","カゴメ トマトジュース 食塩無添加 257ml","165","124.00","178"
"3","4901306302392","39","カゴメ 春のフルーツこれ一本 白桃&アセロラ 200ml","135","94.10","146"
"3","4901306302514","20","カゴメ 野菜生活100 熊本デコポンミックス 195ml","149","108.00","161"
"3","4901306302552","47","カゴメ 野菜生活100 福島あかつき桃ミックス 195ml","135","100.10","146"
"3","4901306302590","29","カゴメ 野菜生活100 茨城べにほっぺ苺ミックス 195ml","145","108.00","157"
"3","4901340010543","48","アサヒ カルピスソーダ 500ml","200","140.00","216"
"3","4901340097940","1","アサヒ飲料　Ｗｅｌｃｈ's１房分のぶどう４７０ｍｌＰ","200","130.00","216"
"3","4901340098046","3","","200","140.00","216"
"3","4901340689213","50","カルピスウォーター 500ml","200","130.00","216"
"3","4901360358755","42","ブルボン やさしいココナッツミルク 430ml","170","124.00","184"
"3","4901777001725","5","サントリー 烏龍茶 2L","460","299.00","497"
"3","4901777230569","179","サントリー天然水（南アルプス）1L","200","130.00","216"
"3","4901777232310","49","サントリー C.C.レモン 500ml","200","130.00","216"
"3","4901777235533","40","サントリー 胡麻麦茶 350ml","170","127.00","184"
"3","4901777235984","14","サントリー ペプシスペシャル ゼロ 490ml","210","157.00","227"
"3","4901777238022","9","サントリー 伊右衛門 緑茶 2L","299","299.00","323"
"3","4901777247680","54","サントリー 伊右衛門 特茶 500ml","180","135.00","194"
"3","4901777266179","73","サントリー ホット伊右衛門 特茶 500ml","180","135.00","194"
"3","4901777271951","41","サントリー ニチレイ アセロラリフレッシュ 430ml","200","143.00","216"
"3","4901777278356","57","サントリー 伊右衛門 特茶 ジャスミン 500ml","180","135.00","194"
"3","4901777300446","78","サントリー 伊右衛門 600ml","129","79.00","139"
"3","4901777301641","193","サントリー プレミアムボス ブラック 285ml（自販機用）","210","136.00","227"
"3","4901777317604","1","","159","104.00","172"
"3","4901777375345","51","サントリー 伊右衛門 ほうじ茶 600ml","200","130.00","216"
"3","4901777385894","37","サントリー HYPER ZONe ENERGY 400ml","223","167.00","241"
"3","4901777391888","24","サントリー HYPER ZONe ENERGY ZERO 400ml","223","167.00","241"
"3","4901777428829","50","サントリー 伊右衛門 玄米茶 600ml","200","130.00","216"
"3","4901777443921","78","サントリー ボススタンド アイスドブラック 450ml","170","110.00","184"
"3","4902102066990","34","コカ・コーラ 300ml","138","104.00","149"
"3","4902102069359","63","アクエリアス エアーボトル 500ml","180","105.00","194"
"3","4902102072618","35","コカ・コーラ 500ml","180","105.00","194"
"3","4902102084178","46","コカ・コーラ ゼロ 500ml","180","105.00","194"
"3","4902102084642","43","コカ・コーラ ミニッツメイド 朝バナナ 180g","185","130.00","200"
"3","4902102098960","45","コカ・コーラ からだ巡茶 410ml","138","73.00","149"
"3","4902102099974","50","ミニッツメイド はちみつゆず 280ml","166","104.00","179"
"3","4902102108065","48","コカ・コーラ からだすこやか茶W+ 350ml","152","119.00","164"
"3","4902102114981","18","コカ・コーラ ジョージア 深み焙煎贅沢ブラック 無糖 950ml","189","118.00","204"
"3","4902102114998","4","","189","118.00","204"
"3","4902102119443","56","コカコーラ 爽健美茶 600ml","180","105.00","194"
"3","4902102123181","29","コカ・コーラ プラス 470ml","189","150.00","204"
"3","4902102130356","120","コカ・コーラ 綾鷹 ホット専用 440ml","180","105.00","194"
"3","4902102133975","123","コカ・コーラ ジョージア 香る微糖 260ml","162","97.00","175"
"3","4902102140454","4","","180","101.00","194"
"3","4902102140669","20","コカ・コーラ 紅茶花伝 クラフティー 贅沢しぼりオレンジティー 440ml","162","89.00","175"
"3","4902102141109","5","","310","211.00","335"
"3","4902102141123","3","","310","211.00","335"
"3","4902102141215","36","コカ・コーラ やかんの麦茶 from爽健美茶 650ml","136","73.00","147"
"3","4902102148597","197","コカ・コーラ い・ろ・は・す 天然水 540ml","125","97.00","135"
"3","4902102153249","104","コカ・コーラ 綾鷹 黒豆ほうじ茶 440ml（加温用）","180","109.00","194"
"3","4902102154826","54","コカ・コーラ 綾鷹 650ml","148","93.00","160"
"3","4902102157247","148","コカ・コーラ 綾鷹 濃い緑茶 650ml","162","105.00","175"
"3","4902102157421","64","コカコーラ 綾鷹 黒豆ほうじ茶 650ml","162","105.00","175"
"3","4902102157810","33","コカ・コーラ ジョージア ブラック 500ml","152","113.00","164"
"3","4902102159098","11","","200","144.00","216"
"3","4902102160773","29","コカ・コーラ 紅茶花伝 厳選しぼりのアップルティー 440ml","159","89.00","172"
"3","4902555111407","9","","200","140.00","216"
"3","4902705014541","27","明治 ザバス ミルクプロテイン 脂肪0 ココア風味 200ml","169","112.00","183"
"3","4902705018099","26","明治 ザバス ミルクプロテイン 脂肪0 バナナ風味 200ml","169","112.00","183"
"3","4902705030633","4","","184","127.00","199"
"3","4902705036680","8","","225","157.00","243"
"3","4902705037021","5","","225","157.00","243"
"3","4902705068087","17","明治 ザバス MILK PROTEIN 脂肪0 チョコレート風味 200ml","205","151.00","221"
"3","4902705098640","4","","320","280.00","346"
"3","4902705099425","28","明治 ザバス ミルクプロテイン 脂肪0 ストロベリー 200ml","204","151.00","220"
"3","4902705128804","1","","320","280.00","346"
"3","4902720119030","10","","205","137.50","221"
"3","4902720119054","10","","205","137.50","221"
"3","4902720119115","17","森永乳業 エンジョイクリミール ミルクティー味 125ml","205","137.50","221"
"3","4902720141734","22","森永乳業 エンジョイ すっきりクリミール ぶどう味 125ml","215","145.00","232"
"3","4902720155199","11","","120","87.00","130"
"3","4902720155212","14","","150","109.00","162"
"3","4902720166591","20","","190","138.00","205"
"3","4902720166867","7","","139","97.00","150"
"3","4903080211587","18","ヤクルト マルチビタミン 80ml×3","269","193.00","291"
"3","4909411032531","18","","92","65.00","99"
"3","4909411069100","5","キリン 生茶 2L","460","299.00","497"
"3","4909411073114","2","","216","140.00","233"
"3","4909411079543","42","キリン FIRE ゴールドラッシュ ブラック 200ml","101","68.00","109"
"3","4909411084790","30","キリン 午後の紅茶 ストレートティー 500ml","200","130.00","216"
"3","4909411084875","42","キリン 午後の紅茶 レモンティー 500ml","200","130.00","216"
"3","4909411084950","38","キリン 午後の紅茶 ミルクティー 500ml","200","130.00","216"
"3","4909411085650","39","キリン 午後の紅茶 おいしい無糖 500ml","200","130.00","216"
"3","4909411086275","11","キリン 午後の紅茶 ストレートティー 1.5L","460","299.00","497"
"3","4909411086299","3","","460","299.00","497"
"3","4909411086312","5","キリン 午後の紅茶 レモンティー 1.5L","460","299.00","497"
"3","4909411087104","11","","152","98.00","164"
"3","4909411087555","25","キリン 小岩井 Theカフェオレ 500ml","210","136.00","227"
"3","4909411088477","41","キリン 午後の紅茶 おいしい無糖 香るレモン 500ml","200","130.00","216"
"3","4909411089900","47","キリン イミューズ ヨーグルトテイスト 500ml","203","131.00","219"
"3","4909411091217","31","キリン 午後の紅茶 おいしい無糖 ミルクティー 500ml","200","130.00","216"
"3","4909411091903","34","キリン 生茶 525ml","129","89.00","139"
"3","4909411096472","40","キリン 午後の紅茶 ストレートティー ホット 400ml","200","130.00","216"
"3","4909411096496","67","キリン 午後の紅茶 ミルクティー ホット 400ml","200","130.00","216"
"3","4909411096519","40","キリン 午後の紅茶 レモンティー ホット 400ml","200","130.00","216"
"3","4909411097523","49","キリン 生茶 おいしいカフェインゼロ 430ml","200","130.00","216"
"3","4909411097608","24","キリン ヘルシア緑茶 350ml","180","140.00","194"
"3","4909411097721","26","キリン 生茶 リッチ 400ml","203","131.00","219"
"3","49151947","43","サントリー 黒烏龍茶 350ml","170","127.00","184"
"3","49335804","6","","221","181.00","239"
"3","4934989803573","27","ニュートリー CP10 ミックスフルーツ味 125ml","142","109.25","153"
"3","49407716","3","","200","140.00","216"
"3","49407884","1","","225","157.00","243"
"3","4964621201412","221","友桝飲料 蛍の郷の天然水 500ml","92","39.00","99"
"3","49721959","5","","225","157.00","243"
"3","49722727","5","","225","157.00","243"
"3","4977076300043","2","","212","130.00","229"
"3","4986919990020","11","エスオーシー 温泉水99 2L","335","261.00","362"
"3","4986919995001","48","エスオーシー 温泉水99 500ml","165","128.00","178"
"3","4987035337218","10","大塚製薬 ポカリスエット 1.5L","280","210.00","302"
"3","4987035576211","21","大塚製薬工場 経口補水液 OS-1ゼリー 200g","190","143.00","205"
"3","4987035652212","112","大塚製薬工場 経口補水液 OS-1 アップル風味 500ml","176","143.00","190"
"3","4987035693017","28","大塚製薬 カロリーメイト ゼリー アップル味 215g","220","170.00","238"
"3","4987035693116","12","大塚製薬 カロリーメイトゼリー グレープフルーツ味 215g","220","161.00","238"
"3","4987316035413","8","佐藤製薬 ユンケルローヤルV3 30ml","611","370.00","660"
"3","4987316035611","18","佐藤製薬 ユンケルローヤルC3 30ml","509","306.00","550"
"3","4987316036144","9","佐藤製薬 ユンケルローヤルD3 50ml","1018","650.00","1099"
"3","49878257","41","カゴメ 野菜生活100 ベリーサラダ 200ml","129","83.70","139"
"9","2033131527205","22","","6350","4620.00","6985"
"9","2033131527212","19","","6150","4490.00","6765"
"9","2033131527229","9","","6850","4950.00","7535"
"9","2033131527281","12","","4650","3510.00","5115"
"9","2033131527298","14","","4750","3580.00","5225"
"9","2200000007353","3","","740","637.03","814"
"9","2200000007377","1","","740","637.03","814"
"9","2300002793794","143","","363","95.00","399"
"9","2307200104308","13","","1380","690.00","1518"
"9","2307200104315","5","","1580","790.00","1738"
"9","2307200104339","28","","2560","1280.00","2816"
"9","2307200104346","1","","2760","1380.00","3036"
"9","2307200104360","13","","3960","1980.00","4356"
"9","2307200104377","4","","4760","2380.00","5236"
"9","2307200104384","1","","4960","2480.00","5456"
"9","2307200104391","5","","5960","2980.00","6556"
"9","2307200104414","1","","7960","3980.00","8756"
"9","2307200104551","1","","3500","1980.00","3850"
"9","2307200104568","11","","3500","1980.00","3850"
"9","2307200104575","2","","3500","1980.00","3850"
"9","2307200104582","15","","3500","1980.00","3850"
"9","2307200106371","144","","363","95.00","399"
"9","2307200106395","6","","1718","890.00","1890"
"9","2307200106401","7","","3500","1780.00","3850"
"9","2307200106425","1","","2200","1136.36","2420"
"9","4547531138148","3","","2500","1875.00","2750"
"9","4547531138155","2","","2500","1875.00","2750"
"9","4547531139718","3","","3200","2400.00","3520"
"9","4547739734753","15","","900","675.00","990"
"9","4547739734821","7","","1000","750.00","1100"
"9","4548442619412","13","","900","675.00","990"
"9","4548442619481","3","","900","675.00","990"
"9","4548442619511","4","","900","675.00","990"
"9","4548442619658","18","","900","675.00","990"
"9","4548442619757","10","","900","675.00","990"
"9","4548442619764","1","","900","675.00","990"
"9","4548442619832","17","","1000","750.00","1100"
"9","4548442619887","6","","1000","750.00","1100"
"9","4548442619917","10","","1000","750.00","1100"
"9","4548442619924","4","","1000","750.00","1100"
"9","4548442620036","5","","1000","750.00","1100"
"9","4548442620043","9","","1000","750.00","1100"
"9","4548442620081","8","","1000","750.00","1100"
"9","4548442620142","11","","1000","750.00","1100"
"9","4548442620180","20","","1100","825.00","1210"
"9","4548442620197","16","","1100","825.00","1210"
"9","4550311230383","1","","1800","1200.00","1980"
"9","4550311230390","3","","1800","1200.00","1980"
"9","4550585175120","2","","3400","2550.00","3740"
"9","4550585175137","1","","3400","2250.00","3740"
"9","4550585175144","1","","3400","2550.00","3740"
"9","4550585175151","3","","3400","2550.00","3740"
"9","4550585175168","5","","3400","2550.00","3740"
"9","4550585175199","4","","3400","2550.00","3740"
"9","4550585175229","4","","3400","2550.00","3740"
"9","4550585498717","2","","1300","845.00","1430"
"9","4562215273519","3","","2400","1615.74","2640"
"9","4562215273526","1","","2400","1615.74","2640"
"9","4562215273533","2","","2400","1615.74","2640"
"9","4562215273571","2","","2400","1615.74","2640"
"9","4562215274011","3","","2200","1600.00","2420"
"9","4562215274028","3","","2200","1600.00","2420"
"9","4562215274035","1","","2200","1540.00","2420"
"9","4562215274059","4","","2200","1540.00","2420"
"9","4562215274516","3","","2200","1540.00","2420"
"9","4562215274530","4","","2200","1540.00","2420"
"9","4562215274608","2","","2200","1540.00","2420"
"9","4562215276220","1","","2600","1820.00","2860"
"9","4562215276237","1","","2600","1820.00","2860"
"9","4562215276909","1","","2600","1820.00","2860"
"9","4562215276923","3","","2600","1820.00","2860"
"9","4562215276992","2","","2900","2230.90","3190"
"9","4562215277005","2","","2900","2230.90","3190"
"9","4562215279160","4","","572","429.00","629"
"9","4562215279177","4","","630","473.00","693"
"9","4571107833823","4","","3500","2380.00","3850"
"9","4571107833830","7","","3500","2380.00","3850"
"9","4571107833847","10","","3500","2380.00","3850"
"9","4571107833854","12","","3500","2380.00","3850"
"9","4571107833861","9","","3500","2380.00","3850"
"9","4571107833878","11","","3500","2380.00","3850"
"9","4571107833885","10","","3500","2380.00","3850"
"9","4571107833892","10","","3500","2380.00","3850"
"9","4571107833908","20","","3500","2380.00","3850"
"9","4571107834219","2","","3400","2072.72","3740"
"9","4571107834226","6","","3400","2072.72","3740"
"9","4571107834233","5","","3400","2072.72","3740"
"9","4571107834240","7","","3400","2072.72","3740"
"9","4571107834257","4","","3400","2072.72","3740"
"9","4571107834264","2","","3400","2072.72","3740"
"9","4571205540654","3","","5300","3050.00","5830"
"9","4571205540661","3","","5300","3050.00","5830"
"9","4571205540678","3","","5300","3050.00","5830"
"9","4571205540685","3","","5300","3050.00","5830"
"9","4571205542665","3","","5300","3050.00","5830"
"9","4571205542672","2","","5300","3050.00","5830"
"9","4571205542689","3","","5300","3050.00","5830"
"9","4571205542696","3","","5300","3050.00","5830"
"9","4571205542726","5","","5300","3050.00","5830"
"9","4571205542733","3","","5300","3050.00","5830"
"9","4571205542740","4","","5300","3050.00","5830"
"9","4571205542757","3","","5300","3050.00","5830"
"9","4571205542788","4","","5300","3050.00","5830"
"9","4571205542795","4","","5300","3050.00","5830"
"9","4571205542801","4","","5300","3050.00","5830"
"9","4571205542818","2","","5300","3050.00","5830"
"9","4571205543020","2","","5900","3360.00","6490"
"9","4571205543037","3","","5900","3360.00","6490"
"9","4571205543044","2","","5900","3360.00","6490"
"9","4571205543051","3","","5900","3360.00","6490"
"9","4571205543143","3","","5900","3360.00","6490"
"9","4571205543150","2","","5900","3360.00","6490"
"9","4571205543167","3","","5900","3360.00","6490"
"9","4571205543174","3","","5900","3360.00","6490"
"9","4571205543853","3","","5300","3050.00","5830"
"9","4571205543860","4","","5300","3050.00","5830"
"9","4571205543891","3","","5300","3050.00","5830"
"9","4571205544010","3","","5900","3360.00","6490"
"9","4571205544034","3","","5900","3360.00","6490"
"9","4571205544188","3","","5300","3050.00","5830"
"9","4571205549145","3","","5900","3360.00","6490"
"9","4571205549152","3","","5900","3360.00","6490"
"9","4571205549169","3","","5900","3360.00","6490"
"9","4571205549176","3","","5900","3360.00","6490"
"9","4571205549183","3","","5900","3360.00","6490"
"9","4571205549244","3","","5900","3360.00","6490"
"9","4571205549251","3","","5900","3360.00","6490"
"9","4571205549268","4","","5900","3360.00","6490"
"9","4571205549275","4","","5900","3360.00","6490"
"9","4571205549282","1","","5900","3360.00","6490"
"9","4571621448411","1","","1163","698.18","1279"
"9","4589787303369","1","","2500","1950.00","2750"
"9","4589787303383","4","","2500","1950.00","2750"
"9","4589787305158","1","","2500","1950.00","2750"
"9","4589787309064","4","","2300","1560.00","2530"
"9","4900723651076","10","","2200","1210.00","2420"
"9","4903111317202","11","","1350","878.00","1485"
"9","4903111317394","11","","1350","878.00","1485"
"9","4903725520050","1","","5700","4275.00","6270"
"9","4903735129120","2","","4700","3525.00","5170"
"9","4903735129168","1","","4700","3525.00","5170"
"9","4903735129205","2","","5400","4050.00","5940"
"9","4903735129212","1","","5400","4050.00","5940"
"9","4903735528558","1","","5100","3825.00","5610"
"9","4903735808889","2","","3900","2925.00","4290"
"9","4903735808896","1","","3900","2925.00","4290"
"9","4903735808902","2","","3900","2925.00","4290"
"9","4903735808926","1","","3900","2925.00","4290"
"9","4903735808933","3","","4200","3150.00","4620"
"9","4903735808940","3","","4200","3150.00","4620"
"9","4903735809077","1","","4000","3000.00","4400"
"9","4903735809084","1","","4000","3000.00","4400"
"9","4903735809091","2","","4000","3000.00","4400"
"9","4903735809121","1","","4000","3000.00","4400"
"9","4903735809145","1","","4000","3000.00","4400"
"9","4903735809169","3","","4700","3525.00","5170"
"9","4903735809176","3","","4700","3525.00","5170"
"9","4903735809343","3","","5300","3975.00","5830"
"9","4903735809350","1","","5300","3975.00","5830"
"9","4903735809398","3","","5300","3975.00","5830"
"9","4903735809404","2","","5300","3975.00","5830"
"9","4903735809596","1","","4700","3525.00","5170"
"9","4903735809800","2","","3800","2850.00","4180"
"9","4903735809817","1","","3800","2850.00","4180"
"9","4903735809824","3","","4300","3225.00","4730"
"9","4903735809831","2","","4300","3225.00","4730"
"9","4903735809862","2","","4200","3150.00","4620"
"9","4903735809886","3","","4200","3150.00","4620"
"9","4903735809923","2","","4200","3675.00","4620"
"9","4903735809961","2","","4900","3675.00","5390"
"9","4903735809978","1","","4900","3675.00","5390"
"9","4903735809985","3","","5300","3975.00","5830"
"9","4903735809992","1","","5300","3975.00","5830"
"9","4903735810035","1","","5300","3975.00","5830"
"9","4903735810042","2","","5300","3975.00","5830"
"9","4904820600319","5","","800","400.00","880"
"9","4904820602856","6","","759","400.00","835"
"9","4904820603518","3","","1500","450.00","1650"
"9","4905008725497","7","","1500","975.00","1650"
"9","4905008725510","2","","1500","975.00","1650"
"9","4905008725558","5","","1600","1040.00","1760"
"9","4905008726050","3","","1800","1170.00","1980"
"9","4905008726074","3","","1900","1235.00","2090"
"9","4905008726920","2","","1400","910.00","1540"
"9","4905008726937","3","","1400","910.00","1540"
"9","4905008726975","4","","1500","975.00","1650"
"9","4907706400225","1","","2608","1608.00","2869"
"9","4907706400638","4","","1667","1283.00","1834"
"9","4932309522814","1","","2200","1496.00","2420"
"9","4932309523064","1","","2200","1496.00","2420"
"9","4932309551043","1","","5200","2584.00","5720"
"9","4932480061003","1","","2760","1580.00","3036"
"9","4932480061010","2","","2760","1580.00","3036"
"9","4932480061072","1","","2760","1580.00","3036"
"9","4932480061089","1","","2760","1580.00","3036"
"9","4932480061119","4","","2760","1580.00","3036"
"9","4932480061133","1","","2760","1580.00","3036"
"9","4932480501059","1","","750","465.00","825"
"9","4932480501066","5","","750","465.00","825"
"9","4932480501073","5","","750","465.00","825"
"9","4932480501080","6","","750","465.00","825"
"9","4932480501097","7","","780","485.00","858"
"9","4932480501103","8","","780","485.00","858"
"9","4932480501110","7","","780","485.00","858"
"9","4932480501127","10","","780","485.00","858"
"9","4932480501134","6","","550","350.00","605"
"9","4932480501714","2","","2760","1780.00","3036"
"9","4932480501745","1","","2760","1780.00","3036"
"9","4932480501813","4","","2811","1780.00","3092"
"9","4932480501851","1","","2760","1780.00","3036"
"9","4954638648232","1","","2000","1300.00","2200"
"9","4954638655803","1","","2000","1300.00","2200"
"9","4961928635391","2","","2400","1560.00","2640"
"9","4961928635414","2","","2400","1560.00","2640"
"9","4961928635438","2","","2400","1560.00","2640"
"9","4961928635445","2","","2400","1560.00","2640"
"9","4963507022714","2","","6300","3780.00","6930"
"9","4963507022745","1","","6300","3780.00","6930"
"9","4963507022752","1","","6300","3780.00","6930"
"9","4963507777690","1","","6300","3780.00","6930"
"9","4963507777706","1","","6300","3780.00","6930"
"9","4963507777720","1","","6300","3780.00","6930"
"9","4963507777737","1","","6300","3780.00","6930"
"9","4963507777768","1","","6300","3780.00","6930"
"9","4963507777775","2","","6300","3780.00","6930"
"9","4963507777782","2","","6300","3780.00","6930"
"9","4963507777799","2","","6300","709.09","6930"
"9","4963507777812","2","","6300","3780.00","6930"
"9","4963507777829","2","","6300","3780.00","6930"
"9","4973077031948","2","","2500","1875.00","2750"
"9","4973077031955","2","","2500","1875.00","2750"
"9","4973077566105","3","","3100","1984.00","3410"
"9","4973077566136","3","","1600","1024.00","1760"
"9","4973077566174","3","","1600","1024.00","1760"
"9","4973077566211","1","","1600","1024.00","1760"
"9","4973077566235","4","","1600","1024.00","1760"
"9","4973077566259","6","","1600","1024.00","1760"
"9","4973077566297","5","","1600","1024.00","1760"
"9","4973077566334","4","","1600","1024.00","1760"
"9","4973077566464","7","","1200","768.00","1320"
"9","4973077566488","3","","1200","768.00","1320"
"9","4973077566501","7","","1200","768.00","1320"
"9","4973077566549","7","","1100","704.00","1210"
"9","4973077566587","5","","1100","704.00","1210"
"9","4973077566723","3","","1100","704.00","1210"
"9","4973077566747","2","","1100","704.00","1210"
"9","4973077566761","7","","1100","704.00","1210"
"9","4973077566808","2","","2200","1408.00","2420"
"9","4973077566815","5","","2200","1408.00","2420"
"9","4973077566822","2","","2200","1408.00","2420"
"9","4973077566846","7","","1000","640.00","1100"
"9","4973077566853","6","","1000","640.00","1100"
"9","4973077566860","11","","1000","640.00","1100"
"9","4973077566921","4","","900","576.00","990"
"9","4973077566945","5","","900","576.00","990"
"9","4973077566969","9","","900","576.00","990"
"9","4973077567171","5","","800","512.00","880"
"9","4973077567218","10","","800","512.00","880"
"9","4973077567737","6","","850","544.00","935"
"9","4973077567768","3","","1000","650.00","1100"
"9","4973077567799","3","","1000","650.00","1100"
"9","4973077567812","5","","1000","650.00","1100"
"9","4973077567836","4","","1000","650.00","1100"
"9","4973077567904","4","","900","576.00","990"
"9","4973077568147","4","","650","416.00","715"
"9","4973077568185","8","","650","416.00","715"
"9","4973077568222","12","","650","416.00","715"
"9","4973077568345","1","","1400","896.00","1540"
"9","4973077568369","3","","1400","896.00","1540"
"9","4973077568383","3","","1400","896.00","1540"
"9","4973077568444","3","","1200","768.00","1320"
"9","4973077568468","5","","1200","768.00","1320"
"9","4973077568512","4","","1200","768.00","1320"
"9","4973077568543","2","","1200","768.00","1320"
"9","4973077568574","6","","1200","768.00","1320"
"9","4973077568741","5","","1000","640.00","1100"
"9","4973077568772","7","","1000","640.00","1100"
"9","4973077568802","4","","1000","640.00","1100"
"9","4973077568970","5","","950","608.00","1045"
"9","4973077569007","6","","950","608.00","1045"
"9","4973077569038","9","","950","608.00","1045"
"9","4973077571499","1","","900","576.00","990"
"9","4973077571505","4","","900","576.00","990"
"9","4973077571529","2","","900","576.00","990"
"9","4973077571550","3","","900","576.00","990"
"9","4973077576418","3","","1300","845.00","1430"
"9","4973077576449","3","","1300","845.00","1430"
"9","4973077576470","3","","1300","845.00","1430"
"9","4973077753840","3","","916","585.00","1008"
"9","4973077753888","3","","916","585.00","1008"
"9","4973077928101","4","","1800","1260.00","1980"
"9","4973077928149","4","","1800","1260.00","1980"
"9","4973077928224","1","","2000","1400.00","2200"
"9","4973077928248","2","","2000","1400.00","2200"
"9","4973077928262","4","","2000","1400.00","2200"
"9","4973077934973","3","","2000","1300.00","2200"
"9","4973077934997","6","","2000","1300.00","2200"
"9","4980089010083","3","","395","214.00","435"
"9","4980089010120","9","","395","214.00","435"
"9","4980089520063","7","","680","408.00","748"
"9","4987601593703","18","","3900","2447.00","4290"
"9","4987601593710","19","","3900","2447.00","4290"
"9","4987601593727","1","","3900","2447.00","4290"
"9","4991560844172","2","","4000","2800.00","4400"
"9","4991560844189","2","","4000","2800.00","4400"
"9","4991560844196","1","","4000","2800.00","4400"
"25","2072010001313","279","","160","104.00","176"
"25","2072010001412","247","","160","88.00","176"
"25","2074010001966","30","","23","12.50","25"
"25","2075010000911","114","","13","7.15","14"
"25","2099060001346","2","","650","350.00","715"
"25","2307200100171","44","","3162","1725.00","3478"
"25","2307200101352","20","","160","120.00","176"
"25","4514469017500","9","","3400","2380.00","3740"
"25","4514469017517","6","","3400","2380.00","3740"
"25","4517850001652","4","","600","380.00","660"
"25","4545516000930","3","","4600","3220.00","5060"
"25","4545516000947","2","","4600","3220.00","5060"
"25","4545516000985","3","","4600","3220.00","5060"
"25","4545516001012","3","","4500","3150.00","4950"
"25","4545516001029","3","","4500","3150.00","4950"
"25","4545516001036","2","","4500","3150.00","4950"
"25","4545516001708","3","","4800","3360.00","5280"
"25","4545516001715","4","","4800","3360.00","5280"
"25","4545516001722","1","","4800","3360.00","5280"
"25","4545516001784","3","","5100","3570.00","5610"
"25","4545516001791","2","","5100","3570.00","5610"
"25","4545516001807","2","","5100","3570.00","5610"
"25","4545516001838","3","","4800","3360.00","5280"
"25","4545516001845","2","","4700","3290.00","5170"
"25","4545516001852","1","","4700","3290.00","5170"
"25","4545516001944","4","","4400","3080.00","4840"
"25","4545516001951","3","","4400","3080.00","4840"
"25","4545516001968","2","","4400","3080.00","4840"
"25","4545516012537","1","","4300","3010.00","4730"
"25","4545516012544","1","","4300","3010.00","4730"
"25","4545516012551","1","","4300","3010.00","4730"
"25","4545516012568","2","","4300","3010.00","4730"
"25","4545516012575","1","","4300","3010.00","4730"
"25","4545516012582","1","","4300","3010.00","4730"
"25","4549395350544","13","","308","237.00","339"
"25","4560188700339","11","","600","336.00","660"
"25","4580179940933","4","","880","528.00","968"
"25","4580252634490","2","","3200","2240.00","3520"
"25","4580362080125","33","","950","753.00","1045"
"25","4580362080132","20","","1450","1047.00","1595"
"25","4582111152626","3","","3600","2325.00","3960"
"25","4582111152633","2","","4500","2875.00","4950"
"25","4582152570014","4","","3800","2850.00","4180"
"25","4900070177014","5","","1500","1103.00","1650"
"25","4901301210708","7","","1600","1050.00","1760"
"25","4901616012417","2","","3200","2147.00","3520"
"25","4901730081023","6","","525","396.00","578"
"25","4901730220224","1","","456","344.00","502"
"25","4901750800314","3","","1080","673.00","1188"
"25","4901957210022","5","","300","150.00","330"
"25","4902508007085","6","","700","595.00","770"
"25","4902508009799","4","","558","463.00","614"
"25","4902508019125","3","","300","210.00","330"
"25","4902508024471","3","","2500","1677.00","2750"
"25","4902508024488","3","","2600","1744.00","2860"
"25","4902508024815","6","","900","604.00","990"
"25","4902508024822","4","","1700","1141.00","1870"
"25","4902508024839","5","","1700","1141.00","1870"
"25","4902508040792","2","","650","390.00","715"
"25","4902508070546","3","","410","299.00","451"
"25","4902508070584","2","","363","299.00","399"
"25","4902508104333","32","","245","157.00","270"
"25","4902508104364","18","","450","270.00","495"
"25","4902508112307","1","","650","423.00","715"
"25","4902508161718","5","","560","430.00","616"
"25","4902508162715","7","","780","500.00","858"
"25","4902508177061","4","","1100","770.00","1210"
"25","4902508177078","5","","1100","770.00","1210"
"25","4902610109158","7","","200","130.00","220"
"25","4902610109219","20","","180","117.00","198"
"25","4902610113001","4","","430","270.00","473"
"25","4902610131067","55","フリータイ　５×４．５　（単品）","370","267.00","407"
"25","4902610131074","47","フリータイ　７　５×４．５　（単品）","530","384.00","583"
"25","4902610131081","51","フリータイ　１０×４．５　（単品）","730","527.00","803"
"25","4902610131098","14","フリータイ　１７　５×４．５　（単品）","1250","904.00","1375"
"25","4902610140502","2","","950","495.00","1045"
"25","4902610151003","2","","320","195.00","352"
"25","4902610461362","9","","290","189.00","319"
"25","4903301256298","13","","630","400.00","693"
"25","4904820161445","94","大衛 アメジスト ワンウェイガーゼCW 1502（200枚入）","1227","500.00","1350"
"25","4904820161506","21","","1000","300.00","1100"
"25","4904820393327","1","","3833","2250.00","4216"
"25","4904820431043","2","","780","380.00","858"
"25","4904820448348","9","","1227","800.00","1350"
"25","4904820448355","10","","1227","800.00","1350"
"25","4904820500558","33","","550","290.90","605"
"25","4904820501500","103","","227","140.00","250"
"25","4904820501609","42","","1400","700.00","1540"
"25","4904820501708","96","オサンパット ロイヤルタッチ S 10枚入","950","475.00","1045"
"25","4904820501715","14","","219","120.00","241"
"25","4904820604003","11","","818","539.00","900"
"25","4905203101683","3","","116","75.00","128"
"25","4905203103489","3","","950","618.00","1045"
"25","4907706300327","2","","1300","777.00","1430"
"25","4907706300334","1","","1300","777.00","1430"
"25","4938765006080","2","","2800","1583.00","3080"
"25","4938765006103","3","","3000","1650.00","3300"
"25","4948349134016","1","","900","659.00","990"
"25","4967991503766","1","","1154","669.09","1269"
"25","4967991503773","1","","1154","669.09","1269"
"25","4967991503780","3","","1154","669.09","1269"
"25","4971032727080","8","","300","195.00","330"
"25","4971633910249","57","","800","500.00","880"
"25","4971884796821","2","","600","390.00","660"
"25","4972379040122","11","","250","163.00","275"
"25","4972379060106","6","","250","163.00","275"
"25","4972525052818","276","グリーンベル 匠の技 ステンレス製高級つめきり L G-1114","1296","840.00","1426"
"25","4972525052924","157","グリーンベル 匠の技 ステンレス製高級つめきり S G-1200","1111","720.00","1222"
"25","4972525052931","145","グリーンベル 匠の技 ステンレス製高級つめきり L G-1201","1296","840.00","1426"
"25","4972525053006","5","","3240","2100.00","3564"
"25","4972525053013","4","","1296","742.00","1426"
"25","4972525053112","74","グリーンベル ステンレス製ニッパーつめきり つめ飛びガード付き G-1050","2545","1680.00","2800"
"25","4972525053129","61","グリーンベル ステンレス製ニッパーつめきり つめ飛びガード付き G-1051","3518","2280.00","3870"
"25","4972525053136","770","グリーンベル 匠の技 G-1205 高級つめきり","1481","960.00","1629"
"25","4972525053174","237","グリーンベル 匠の技 ルーペ付きステンレス製つめきり G-1304","1700","850.00","1870"
"25","4972525053297","153","GREEN BELL 匠の技 高級Sつめきり G-1204","1296","840.00","1426"
"25","4972525053310","104","GREEN BELL G-1301 ステンレス高級つめきりS キャッチャー付","1545","1020.00","1700"
"25","4972525053389","59","","833","477.00","916"
"25","4972525053402","110","GREEN BELL G-1115 ステンレス高級爪切S キャッチャー付","1388","901.00","1527"
"25","4972525533171","30","","1666","300.00","1833"
"25","4972525533775","5","","343","210.00","377"
"25","4972525535021","60","グリーンベル 匠の技 チタン製ツーウェイ耳かき G-2199","1851","1200.00","2036"
"25","4972525535120","75","グリーンベル 匠の技 チタン製ツーウェイ耳かき ブラック G-2300","1666","1080.00","1833"
"25","4973210995694","4","","760","586.00","836"
"25","4974427180019","3","","1100","660.00","1210"
"25","4974427280016","4","","1200","720.00","1320"
"25","4974427780011","6","","1300","780.00","1430"
"25","4974427781018","3","","1600","960.00","1760"
"25","4974427880018","2","","1200","720.00","1320"
"25","4975416807054","1","サーレＭＰ６０　３ｇ×６０","1800","1080.00","1980"
"25","4975416826055","96","ハナクリーンS 専用洗浄剤サーレS 10包入付き（ハンディタイプ鼻洗浄器）","2545","1800.00","2800"
"25","4975416827052","669","ハナクリーンS専用洗浄剤 サーレS 1.5g×50包","933","585.00","1026"
"25","4975416832056","2","","900","540.00","990"
"25","4975974030482","2","","900","507.00","990"
"25","4976558003205","6","","224","169.00","246"
"25","4979607010070","8","","400","250.00","440"
"25","4979607010087","7","","400","250.00","440"
"25","4979607500977","1","","90","66.36","99"
"25","4979773320171","29","","298","137.00","328"
"25","4979773320188","33","","298","137.00","328"
"25","4979869001304","3","","3200","2240.00","3520"
"25","4987167037307","11","","440","286.00","484"
"25","4987167040659","29","","300","195.00","330"
"25","4987167040666","13","","400","260.00","440"
"25","4987167044763","13","","440","286.00","484"
"25","4987167045487","18","","450","293.00","495"
"25","4987167057213","3","くっつくバンデージ　指手首用　２５ｍｍ×４　１巻　１個","345","280.00","380"
"25","4987244126580","27","","148","86.00","163"
"25","4987244158345","15","","300","213.00","330"
"25","4987335210914","10","","162","125.00","178"
"25","4987350438997","5","","300","195.00","330"
"25","4987486700005","0","","1500","1200.00","1650"
"25","4987580205895","84","","350","242.00","385"
"25","4987580205901","70","","522","360.00","574"
"25","4987580205918","59","","467","322.00","514"
"25","4987580205925","144","3M マイクロポア スキントーンサージカルテープ 25mm×9.1m","639","441.00","703"
"25","4987580205932","37","","522","360.00","574"
"25","4987580205963","49","","350","242.00","385"
"25","4987580212701","14","","662","499.00","728"
"25","4987601002137","13","","380","280.00","418"
"25","4987601002144","15","","447","337.00","492"
"25","4987601064708","15","","430","331.00","473"
"25","4987601064715","5","","447","337.00","492"
"25","4987601267970","8","","300","180.00","330"
"25","4987601512674","8","","500","300.00","550"
"25","4987601590344","34","","500","325.00","550"
"25","4987603141148","1","","400","275.00","440"
"25","4987603141926","1","","1209","700.00","1330"
"25","4987603160613","2","","500","330.00","550"
"25","4987603160620","2","","500","330.00","550"
"25","4987603163003","5","","450","270.00","495"
"25","4987603163027","10","","350","228.00","385"
"25","4987603173460","15","ソフキュアガーゼ　２５×２５　２００枚","1333","720.00","1466"
"25","4987603173781","52","ソフキュアガーゼ２５×２５　１００枚","905","500.00","996"
"25","4987603426115","4","","410","220.00","451"
"25","4987603426504","5","","1100","550.00","1210"
"25","4987603426511","13","","980","490.00","1078"
"25","4987603427846","2","","3240","2426.85","3564"
"25","4987603427853","2","","3240","2426.85","3564"
"25","4987603427983","2","","3240","2505.00","3564"
"25","4987603462779","5","","550","358.00","605"
"25","4987603463516","10","","500","300.00","550"
"25","4987603463523","2","","1300","780.00","1430"
"25","4987603464063","4","","1600","960.00","1760"
"25","4987603464087","7","","640","384.00","704"
"25","4987603464094","5","","640","384.00","704"
"25","4987603464810","3","モイストシート７．５ｃｍ×１０","1088","708.00","1197"
"25","4987767606002","34","","960","636.00","1056"
"25","4987767624129","6","","1900","1367.27","2090"
"25","4987785004200","8","","1500","1200.00","1650"
"25","4987785004637","4","","2200","1540.00","2420"
"25","4987785004651","4","","2200","1540.00","2420"
"1","45019517","74","大塚製薬 ポカリスエット 500ml","170","127.00","184"
"1","45158254","1","","200","150.00","216"
"1","45207082","6","","189","146.00","204"
"1","45207099","2","","189","146.00","204"
"1","45210624","24","ヤクルト Y1000 110ml","150","114.00","162"
"1","45210631","31","ヤクルト 黒酢ドリンク 125ml","100","67.00","108"
"1","4530503181143","82","ハウスウェルネス C1000ビタミンレモンゼリー 180g","215","147.00","232"
"1","4531717310114","18","サタケ マジックライス 保存食 わかめご飯 100g","262","196.29","283"
"1","4531717310121","19","サタケ マジックライス 保存食 梅じゃこご飯 100g","262","196.29","283"
"1","4531717310329","19","サタケ マジックライス 保存食 五目ご飯 100g","273","207.40","295"
"1","4531717310336","9","サタケ マジックライス ドライカレー 100g","273","207.40","295"
"1","4531717310398","17","サタケ マジックライス 保存食 チャーハン 100g","273","207.40","295"
"1","4534551012091","18","ハーバー研究所 スウィートマービー フルーツミックスキャンディ 49g","250","175.00","270"
"1","4534551012114","15","ハーバー研究所 スウィートマービー ブルーベリーキャンディ 49g","250","175.00","270"
"1","4534551012152","19","ハーバー研究所 スウィートマービー 珈琲キャンディ 49g","250","175.00","270"
"1","4540155755043","7","","140","102.00","151"
"1","4540155755074","15","","140","102.00","151"
"1","4540155755081","14","","140","102.00","151"
"1","4545280032014","3","","150","109.00","162"
"1","4545280032021","6","","150","109.00","162"
"1","4547894417249","25","モンデリーズ ホールズ オーシャンブルー 12粒","160","116.00","173"
"1","4547894660041","15","モンデリーズ オレオ ビッツサンド バニラ 65g","150","109.00","162"
"1","4548934361225","6","","350","233.00","378"
"1","4560220555132","22","TENGA メンズルーペ（精子観察キット）","1272","890.00","1374"
"1","4560292290016","27","レッドブル エナジードリンク 250ml","213","159.00","230"
"1","4560292290375","19","レッドブル シュガーフリー 250ml","197","149.00","213"
"1","4571199490034","3","","120","83.60","130"
"1","4573232862099","6","","600","390.00","648"
"1","4573232863973","3","","500","325.00","540"
"1","4573232864857","14","","700","455.00","756"
"1","4573232865274","3","","700","455.00","756"
"1","4573232865939","4","","600","390.00","648"
"1","4573399342281","6","","188","125.60","203"
"1","4580455815610","6","","163","111.00","176"
"1","4580455815627","7","","227","159.00","245"
"1","4580455815641","32","","163","107.00","176"
"1","4580455816860","7","","234","169.00","253"
"1","4580455818932","3","","165","111.00","178"
"1","4580455819793","11","","214","145.00","231"
"1","4582465586672","11","","166","116.00","179"
"1","4589809440119","53","TENGAヘルスケア 精育支援サプリメント 120粒","4090","2863.00","4417"
"1","4589809440126","79","TENGAヘルスケア 活力支援サプリメント TLS 120粒","3181","2227.00","3435"
"1","4589929457080","69","榮太樓總本鋪 からだにえいたろう 糖質をおさえたようかん こし餡 27g×10","180","116.66","194"
"1","4589929457097","83","榮太樓總本鋪 からだにえいたろう 糖質をおさえたようかん 黒糖 27g×10","180","116.66","194"
"1","4897036690017","22","アサヒ モンスターエナジー 355ml","213","162.00","230"
"1","4897036690055","20","アサヒ モンスターエナジー ゼロシュガー 355ml","213","162.00","230"
"1","4901001052400","7","","212","144.00","229"
"1","4901005007710","8","","198","148.00","214"
"1","4901005105638","33","江崎グリコ アーモンドグリコ 18粒","178","129.00","192"
"1","4901005109797","12","グリコ メンタルバランスチョコレートGABA ミルク スタンドパウチ 51g","268","195.00","289"
"1","4901005109803","8","","268","195.00","289"
"1","4901005231825","3","","388","270.00","419"
"1","4901005312005","11","","198","139.00","214"
"1","4901005584112","3","","182","132.00","197"
"1","4901005584242","10","","182","132.00","197"
"1","4901033630126","36","マルサンアイ 調製豆乳 200ml","108","79.00","117"
"1","4901033630973","32","マルサンアイ 豆乳飲料 麦芽コーヒー カロリー50%オフ 200ml","108","79.00","117"
"1","4901071235741","4","","239","165.00","258"
"1","4901071268374","20","エースコック スープはるさめ 担担味 31g","182","137.00","197"
"1","4901071277505","17","エースコック スープはるさめ かきたま 20g","182","137.00","197"
"1","4901085097007","42","伊藤園 お〜いお茶 緑茶 250ml紙パック","101","68.00","109"
"1","4901085629734","1","","192","125.00","207"
"1","4901085644607","6","","192","125.00","207"
"1","4901088203801","9","","111","76.00","120"
"1","4901111537743","7","AGF ブレンディ スティック カフェオレ カロリーハーフ 8本","324","224.00","350"
"1","4901111586628","5","","324","224.00","350"
"1","4901111686045","5","","324","224.00","350"
"1","4901111774575","8","AGF ブレンディ スティック ココアオレ 6本","324","224.00","350"
"1","4901111910973","10","AGF ブレンディ スティック エスプレッソ・オレ 微糖 8本","324","224.00","350"
"1","4901111959798","10","AGF ブレンディ スティック カフェオレ 8本","324","224.00","350"
"1","4901112800242","7","","178","137.00","192"
"1","4901150100533","2","","204","140.00","220"
"1","4901150112062","8","","263","182.00","284"
"1","4901150112161","32","大塚食品 ボンカレーゴールド中辛 180g","263","182.00","284"
"1","4901150137317","2","","240","180.00","259"
"1","4901160030097","2","","188","119.00","203"
"1","4901191200667","11","大森屋 大森印 サクッと仕上 6束","255","186.00","275"
"1","4901238000038","9","","267","151.00","288"
"1","4901301281739","13","花王 クリアクリーン 携帯用お泊まりセット","760","570.00","821"
"1","4901301379290","5","花王 ニベアメン センシティブローション 110ml","1300","975.00","1404"
"1","4901301422378","23","花王 ハミング フローラルブーケの香り 本体 530ml","460","358.00","497"
"1","4901306014523","36","","131","87.40","141"
"1","4901306024041","28","カゴメ トマトジュース 食塩無添加 200ml","142","106.00","153"
"1","4901306044063","40","カゴメ 野菜生活100 オリジナル 200ml","142","106.00","153"
"1","4901306047262","36","カゴメ 野菜生活100 マンゴーサラダ 200ml","142","106.00","153"
"1","4901306047569","71","カゴメ 野菜一日これ一本 200ml","142","106.00","153"
"1","4901306072011","27","カゴメ 野菜生活100 1食分の野菜ジュレ すりおろしリンゴ 180g","205","153.00","221"
"1","4901306072028","37","カゴメ 野菜生活100 1食分の野菜ジュレ 30品目 180g","205","153.00","221"
"1","4901313223673","8","","160","112.00","173"
"1","4901336109541","8","","250","187.00","270"
"1","4901354114381","53","小久保 ロックアイスグラス 200g","125","90.00","135"
"1","4901385001155","1","","154","115.00","166"
"1","4901385002114","3","","132","98.20","143"
"1","4901480070001","7","","240","156.00","259"
"1","4901480070025","6","","360","234.00","389"
"1","4901480070032","10","","360","234.00","389"
"1","4901480095257","4","","150","97.50","162"
"1","4901480095707","21","","130","84.50","140"
"1","4901480098791","6","","480","312.00","518"
"1","4901480190389","34","","120","78.00","130"
"1","4901480233017","5","","200","130.00","216"
"1","4901480263267","11","","360","234.00","389"
"1","4901480435398","21","","225","146.25","243"
"1","4901480455235","15","","285","185.25","308"
"1","4901480465944","21","","200","130.00","216"
"1","4901480470115","8","","770","500.50","832"
"1","4901588130652","11","","140","109.00","151"
"1","4901777445673","3","","230","165.30","248"
"1","4901777445727","3","","230","165.30","248"
"1","4901901005285","1","","425","297.00","459"
"1","4901940067404","2","","122","83.60","132"
"1","4901940201396","12","","122","83.60","132"
"1","4901990050241","14","マルちゃん ホットワンタン しょうゆ味 46g","215","161.00","232"
"1","4902102084673","23","コカ・コーラ ミニッツメイド 朝マンゴ 180g","188","130.00","203"
"1","4902105003374","22","日清 カップヌードル BIG 101g","298","223.00","322"
"1","4902105003381","26","日清 カップヌードル カレー BIG 120g","298","223.00","322"
"1","4902105003398","34","日清 カップヌードル シーフードヌードル BIG 104g","298","223.00","322"
"1","4902105022122","10","日清 焼そばU.F.O. 128g","248","196.00","268"
"1","4902105033722","12","日清 どん兵衛 きつねうどん 東日本 96g","248","196.00","268"
"1","4902105033746","12","日清 どん兵衛 天ぷらそば 東日本 100g","248","196.00","268"
"1","4902105065617","13","","136","102.00","147"
"1","4902105065624","11","","136","102.00","147"
"1","4902105065631","17","日清食品 おむすび屋さんのまかないスープ うま辛味噌チゲ 13g","136","102.00","147"
"1","4902105065860","9","","188","141.00","203"
"1","4902105065877","19","日清食品 とろけるおぼろ豆腐 まろっと豆乳スープ 17g","188","141.00","203"
"1","4902105242414","32","日清 カップヌードル チリトマトヌードル 76g","236","172.00","255"
"1","4902105242421","21","日清 カップヌードル チリトマトヌードル BIG 107g","298","223.00","322"
"1","4902105242971","18","日清 カップヌードル トムヤムクンヌードル 75g","248","196.00","268"
"1","4902105284223","9","","248","196.00","268"
"1","4902105945483","8","日清 ハヤシメシ デミグラス 103g","298","220.00","322"
"1","4902117400253","6","","122","83.60","132"
"1","4902117400260","12","","122","83.60","132"
"1","4902117400697","6","","122","83.60","132"
"1","4902181104231","10","","148","99.00","160"
"1","4902188027793","9","","235","179.80","254"
"1","4902188122245","8","","158","120.90","171"
"1","4902188226134","4","","160","122.40","173"
"1","4902188325103","5","","230","176.00","248"
"1","4902188326063","19","","128","97.90","138"
"1","4902188326070","22","","128","97.90","138"
"1","4902188326094","11","","128","97.90","138"
"1","4902188327725","5","","193","147.70","208"
"1","4902201178334","10","","150","109.00","162"
"1","4902388025933","6","","110","81.00","119"
"1","4902388200712","6","","129","95.00","139"
"1","4902471102541","31","ポッカサッポロ じっくりコトコト こんがりパン 濃厚コーンポタージュ 26.1g","210","153.00","227"
"1","4902471102565","28","ポッカサッポロ じっくりコトコト こんがりパン 濃厚かぼちゃポタージュ 29.5g","210","153.00","227"
"1","4902471102589","18","ポッカサッポロ じっくりコトコト こんがりパン 濃厚クラムポタージュ 25.3g","210","153.00","227"
"1","4902555271200","8","","160","116.00","173"
"1","4902555272894","9","","120","84.00","130"
"1","4902585101942","18","フタバ食品 サクレレモン 200ml","170","119.00","184"
"1","4902703032936","14","","124","88.00","134"
"1","4902703081248","17","","124","89.00","134"
"1","4902703081330","19","神州一味噌 おいしいね とうふとわかめ","124","88.00","134"
"1","4902703081606","17","","124","88.00","134"
"1","4902703081651","23","神州一味噌 おいしいね!!むき身あさり","137","99.00","148"
"1","4902703081712","27","神州一味噌 おいしいね とん汁","137","96.00","148"
"1","4902705031098","30","明治 エッセルスーパーカップ チョコクッキー 200ml","180","126.00","194"
"1","4902705049833","9","","180","126.00","194"
"1","4902705093935","48","明治　アンパンマン　完熟りんご　１２５ＭＬ×３","240","176.00","259"
"1","4902705095984","16","明治プロビオヨーグルトLG21 ドリンクタイプ 112g","143","108.00","154"
"1","4902705096011","65","明治 プロビオヨーグルトR-1 ドリンクタイプ 112g","143","108.00","154"
"1","4902705096028","65","明治 プロビオヨーグルトR-1 ドリンクタイプ 低糖低カロリー 112g","143","108.00","154"
"1","4902705098855","4","","185","133.00","200"
"1","4902705130456","3","","163","123.00","176"
"1","4902705131361","4","","170","128.00","184"
"1","4902720086745","0","","180","126.00","194"
"1","4902720115063","7","","180","126.00","194"
"1","4902720129435","4","","180","126.00","194"
"1","4902720150972","40","マウントレーニア カフェラッテ 240ml","210","153.00","227"
"1","4902720150989","54","マウントレーニア カフェラッテ エスプレッソ 240ml","210","153.00","227"
"1","4902720150996","53","マウントレーニア カフェラッテ ノンシュガー 240ml","210","153.00","227"
"1","4902720151009","58","森永乳業 マウントレーニア カフェラッテ クリーミーラテ 240ml","210","153.00","227"
"1","4902720154956","23","森永乳業 マウントレーニア カフェインレス 240ml","210","153.00","227"
"1","4902720163828","27","森永乳業 ピノ ダブルショコラ 60ml","180","126.00","194"
"1","4902720166157","4","","195","142.00","211"
"1","4902765001826","14","","138","95.00","149"
"1","4902782005883","13","","120","83.00","130"
"1","4902782008723","6","","132","92.00","143"
"1","4902782010016","4","","140","107.00","151"
"1","4902782010023","8","","150","114.00","162"
"1","4902782010085","3","","340","250.00","367"
"1","4902782013420","15","","143","99.00","154"
"1","4902782013451","5","","189","131.00","204"
"1","4902782013468","5","","189","131.00","204"
"1","4902782013475","9","","189","131.00","204"
"1","4902782013482","5","","189","1310.00","204"
"1","4902881406093","16","明星食品 ぶぶか油そば 163g","278","213.00","300"
"1","4902888323324","22","森永製菓 チョコモナカジャンボ 150ml","180","126.00","194"
"1","4902888341731","20","森永製菓 アイスボックス グレープフルーツ 135ml","140","98.00","151"
"1","4902888346477","10","","180","126.00","194"
"1","4902888349249","21","森永製菓 板チョコアイス 70ml","200","140.00","216"
"1","4902888351747","26","森永製菓 パリパリサンド 60ml","180","126.00","194"
"1","4902888711114","113","森永製菓 inゼリー エネルギー マスカット味 180g","209","147.00","226"
"1","4902888723957","27","森永 ウイダーinゼリー プロテイン ヨーグルト味 180g","210","147.00","227"
"1","4902888724701","28","森永 inゼリー マルチミネラル 180g","210","147.00","227"
"1","4903009015470","12","","158","115.00","171"
"1","4903009016743","6","","149","111.00","161"
"1","4903015101020","6","","170","123.60","184"
"1","4903015188120","7","","120","84.30","130"
"1","4903015500120","30","ヤマザキビスケット チップスターS コンソメ味 45g","144","97.20","156"
"1","4903015500144","21","ヤマザキビスケット チップスターS サワークリームオニオン味 45g","147","107.00","159"
"1","4903015500151","4","","144","97.20","156"
"1","4903015518033","8","","142","97.20","153"
"1","4903050156887","1","","364","290.80","393"
"1","4903050509508","13","雪印メグミルク 6Pチーズ 102g","482","361.50","521"
"1","4903080114192","43","ヤクルト 蕃爽麗茶 200ml","120","82.00","130"
"1","4903080201748","20","","100","77.00","108"
"1","4903080216339","8","","110","85.00","119"
"1","4903080216346","6","","110","85.00","119"
"1","4903110100263","107","ヤマザキ 富士山の天然水 2L","138","82.50","149"
"1","4903110220749","25","山崎製パン 日々カフェ バター香るふんわりバームクーヘン","138","96.00","149"
"1","4903110222156","25","山崎製パン 日々カフェ 6種のフルーツケーキ","138","96.00","149"
"1","4903110340119","3","","74","50.00","80"
"1","4903110439110","10","","138","96.00","149"
"1","4903110774136","11","","135","90.00","146"
"1","4903301136842","1","","533","379.00","576"
"1","4903301186441","7","","250","170.00","270"
"1","4903333041633","17","ロッテ マカダミアチョコレートポップジョイ カラメリゼ 34g","170","119.00","184"
"1","4903850062722","16","中野物産 おしゃぶり昆布 浜風 9g","150","105.00","162"
"1","4903850066218","8","","150","105.00","162"
"1","4904447046163","27","良味100 アーモンドフィッシュ 20g","111","76.00","120"
"1","4904717248648","288","","189","150.92","204"
"1","4904717258104","180","","180","132.40","194"
"1","4905414005404","3","","750","488.00","810"
"1","4906623131403","4","","178","124.50","192"
"1","4908011645158","2","","135","100.00","146"
"1","4908011709232","4","","198","148.50","214"
"1","4908011709256","15","雪印メグミルク Dole 1日分のマルチビタミン 330ml","198","148.50","214"
"1","4909411057121","43","キリン トロピカーナ100% オレンジ 250ml","215","150.00","232"
"1","4909411057145","51","キリン トロピカーナ100% アップル 250ml","130","91.00","140"
"1","4909411057169","46","キリン トロピカーナ100% グレープフルーツ 250ml","130","91.00","140"
"1","4909411087081","9","","152","114.00","164"
"1","4920077070477","11","","480","350.00","518"
"1","49212686","2","","135","100.00","146"
"1","4932707230328","2","","234","174.00","253"
"1","4932707230335","8","","234","174.00","253"
"1","4932707242444","14","","193","144.00","208"
"1","4932707245780","4","","219","160.00","237"
"1","49336085","1","","160","110.00","173"
"1","49386776","26","ロッテ 爽 バニラ 190ml","180","126.00","194"
"1","49410150","2","","190","138.00","205"
"1","4941983021674","23","壮関 茎わかめ 梅しそ味 25g","129","85.40","139"
"1","49454314","11","","136","97.00","147"
"1","4946842520244","23","アサヒ 1本満足バー シリアルホワイト","162","112.00","175"
"1","4946842529681","44","アサヒグループ食品 1本満足バー シリアル苺","162","98.00","175"
"1","4949176054669","2","","740","528.00","799"
"1","4953823477183","1","","180","126.00","194"
"1","49538526","9","","120","84.00","130"
"1","4955129032752","15","","228","171.00","246"
"1","4955129032776","16","たらみ 24 たらみのごろっとミックス 300g","228","171.00","246"
"1","4955129035210","10","","207","154.60","224"
"1","4955129035654","15","","259","194.00","280"
"1","4955129035678","10","","131","94.00","141"
"1","4955129035715","13","","131","94.00","141"
"1","4955129035753","15","","131","94.00","141"
"1","4955129036101","4","","259","194.00","280"
"1","4955129036217","18","","207","154.40","224"
"1","49577570","1","","115","86.70","124"
"1","4962482073513","10","アマタケ サラダチキン ハーブ 100g","314","237.00","339"
"1","4962482073537","10","アマタケ サラダチキン タンドリー味","314","237.00","339"
"1","4962482073568","10","","314","237.00","339"
"1","49698169","27","日清 カップヌードル ミニ 36g","156","117.00","168"
"1","49698183","10","","156","117.00","168"
"1","49698190","35","日清 カップヌードル ミニ シーフード 38g","156","117.00","168"
"1","49698541","25","日清 チキンラーメン どんぶりミニ 38g","156","117.00","168"
"1","49698626","41","日清 カップヌードル 78g","248","196.00","268"
"1","49698633","20","日清 カップヌードル シーフード 75g","248","196.00","268"
"1","49698640","43","日清 カップヌードル カレー 87g","248","196.00","268"
"1","4970020110750","11","","165","124.60","178"
"1","4970020110767","6","","165","124.50","178"
"1","4970020170044","2","","187","140.00","202"
"1","4970020170051","4","","185","140.00","200"
"1","4970311023295","4","","122","83.60","132"
"1","4971666489651","10","","141","105.50","152"
"1","4971666489682","10","","154","115.50","166"
"1","4971958030806","5","","128","87.30","138"
"1","49721119","122","明治 おいしい牛乳 200ml","135","80.00","146"
"1","4972525804691","7","","880","554.40","950"
"1","4973360561619","13","サトウのごはん 新潟県産コシヒカリ 200g","305","211.00","329"
"1","4973512279607","3","サラヤ ラカント 低糖質3種のスイートナッツ 150g","1150","802.00","1242"
"1","4975479425936","1","オムロン 電子体温計 けんおんくん MC-687","3181","2227.00","3435"
"1","4976750647658","5","","150","108.00","162"
"1","4976750668516","1","","237","175.30","256"
"1","4976994205010","12","ハーゲンダッツ ミニカップ バニラ 110ml","345","240.00","373"
"1","4978902004746","2","","1500","945.00","1620"
"1","49838800","7","","180","135.00","194"
"1","49839814","7","","141","99.50","152"
"1","49839838","3","","141","99.50","152"
"1","4985972108380","5","D&M アスメディ サポーター 足首","1636","1145.00","1767"
"1","4985972108663","3","","1636","1145.00","1767"
"1","4987028125105","8","","148","108.00","160"
"1","4987035089315","28","大塚製薬 オロナミンCドリンク 120ml","135","101.00","146"
"1","4987035092216","1","","250","175.00","270"
"1","4987035140610","6","","220","170.00","238"
"1","4987035149613","15","","119","86.00","129"
"1","4987035332510","34","大塚製薬 ポカリスエット 900ml","185","138.00","200"
"1","4987240618607","5","","280","196.00","302"
"1","4987240618614","2","","140","102.00","151"
"1","4987240618690","21","龍角散 のどすっきり飴120max スティック","162","118.00","175"
"1","4987243410321","5","わかもと製薬 オプティエイドML MACULAR 90粒","3181","2227.00","3435"
"1","4987306003019","29","大正製薬 リポビタンD 100ml","164","114.00","177"
"1","4987306008267","29","大正製薬 リポビタンD11 100ml","370","259.00","400"
"1","4987306024755","32","大正製薬 リポビタンファイン 100ml","164","114.00","177"
"1","4994802011820","26","南日本酪農 高千穂牧場のむヨーグルト 220g","184","138.00","199"
"1","4994802012858","13","","173","129.00","187"
"1","4994802013657","9","","172","129.00","186"
"2","2200000013828","7","","454","390.90","490"
"2","2307200106494","16","","296","205.00","320"
"2","2307200106500","60","","268","180.00","289"
"2","4001686396476","15","ハリボー ゴールドベア 80g","226","157.00","244"
"2","45141157","21","ロッテ のど飴 11粒","138","91.00","149"
"2","4514410176522","4","","138","93.00","149"
"2","4514410176546","1","","138","89.20","149"
"2","4514410179509","6","","180","125.40","194"
"2","4514410179516","3","","180","125.40","194"
"2","45148569","18","ロッテ フリーゾーンガム ミント 9枚","148","98.00","160"
"2","45148576","17","ロッテ フリーゾーンガム レモン 9枚","148","98.00","160"
"2","45173639","38","明治 アポロ 46g","180","126.00","194"
"2","45173646","6","","180","126.00","194"
"2","45174278","31","ロッテ キシリトール オーラテクトガム クリアミント 14粒","222","150.00","240"
"2","45205361","36","","157","107.00","170"
"2","45217418","18","ロッテ キシリトールガム マスカット 14粒","194","135.20","210"
"2","45217760","17","ロッテ キシリトールガム+フッ素 ペパーミント 14粒","222","150.00","240"
"2","45217869","55","","157","102.70","170"
"2","4530503024525","15","","130","91.00","140"
"2","4547894417256","12","","166","116.00","179"
"2","4560218308849","1","","289","160.18","312"
"2","4560218308863","3","","289","161.00","312"
"2","4560218310736","6","ビオクラ食養 マクロビクッキー 紫いも 14個×3袋","369","221.00","399"
"2","4560218311795","12","ビオクラ 米粉のクッキー 南瓜&メープル 12個","369","221.00","399"
"2","4560218312105","12","ビオクラ 米粉のクッキー ピスタチオ&ココナッツ 12袋","369","221.00","399"
"2","4560218312112","5","","369","221.00","399"
"2","4560218312365","3","","200","120.00","216"
"2","4560218312372","4","","200","120.00","216"
"2","4560218312396","6","","200","120.00","216"
"2","4560218312402","6","","200","120.00","216"
"2","4560218312754","2","","369","221.00","399"
"2","4560218312778","6","","369","221.00","399"
"2","4560218312846","10","","368","221.00","397"
"2","4562452231846","5","","305","209.00","329"
"2","4595058510022","23","","416","290.00","449"
"2","45989377","1","","148","99.60","160"
"2","45989575","6","","148","99.60","160"
"2","45990533","10","","166","114.00","179"
"2","4901005003903","32","江崎グリコ パピコ チョココーヒー 80ml×2","190","133.00","205"
"2","4901005004238","5","","60","42.00","65"
"2","4901005004535","11","","134","91.00","145"
"2","4901005004597","79","江崎グリコ ビスコミニパック 発酵バター 5枚","60","42.00","65"
"2","4901005004719","19","","60","42.00","65"
"2","4901005004726","25","","60","42.00","65"
"2","4901005005150","16","グリコ ビスコ メープル 15枚","166","121.20","179"
"2","4901005005174","1","","166","114.00","179"
"2","4901005005228","1","","166","114.00","179"
"2","4901005005259","7","","166","114.00","179"
"2","4901005009134","9","","240","167.00","259"
"2","4901005009158","18","江崎グリコ ポッキーチョコレート 2袋","240","167.00","259"
"2","4901005512429","2","","240","167.00","259"
"2","4901005512436","11","グリコ アーモンドクラッシュポッキー 2袋","234","160.90","253"
"2","4901005521308","5","","152","92.00","164"
"2","4901005521322","3","","152","102.60","164"
"2","4901035115133","10","天乃屋 歌舞伎揚 11枚","278","202.00","300"
"2","4901035221285","19","","100","70.00","108"
"2","4901035511515","20","","110","77.00","119"
"2","4901050134300","4","","120","84.00","130"
"2","4901071245504","17","エースコック スープはるさめ わかめと野菜 21g","182","132.00","197"
"2","4901071268503","21","エースコック スープはるさめ ワンタン 22g","182","132.00","197"
"2","4901085620106","14","伊藤園 お～いお茶 濃い茶 1L","270","150.00","292"
"2","4901111456846","7","AGF ブレンディ スティック 抹茶オレ 6本","324","224.00","350"
"2","4901170002619","29","赤城乳業 ガリガリ君ソーダ 105ml","90","63.00","97"
"2","4901170020811","23","赤城乳業 ソフ 北海道ミルクバニラ 150ml","180","126.00","194"
"2","4901170020989","28","赤城乳業 セルフチョコレートクラッシュ チョコミント 150ml","180","126.00","194"
"2","4901313207208","3","","282","197.00","305"
"2","4901313207604","11","亀田製菓 手塩屋 8枚","287","197.00","310"
"2","4901313215555","9","","100","70.00","108"
"2","4901313215814","19","","100","70.00","108"
"2","4901313215821","6","","100","70.00","108"
"2","4901313251072","11","","129","87.00","139"
"2","4901313931271","2","","287","197.00","310"
"2","4901313932070","38","亀田製菓 パウダー250% ハッピーターン 53g","130","85.00","140"
"2","4901313937556","12","","148","102.00","160"
"2","4901313938966","15","亀田製菓 亀田のまがりせんべい 16枚","287","197.00","310"
"2","4901325401175","16","","140","98.00","151"
"2","4901325401274","2","","180","126.00","194"
"2","4901325402608","6","共立食品 ソフト種抜きプルーン ピロ 110g","470","343.00","508"
"2","4901325403070","18","","120","84.00","130"
"2","4901325403896","6","","111","76.00","120"
"2","4901325404305","6","","148","102.00","160"
"2","4901325404329","1","","148","102.00","160"
"2","4901326014855","1","","129","84.80","139"
"2","4901326037311","12","春日井製菓 ハッカアメ 150g","203","140.00","219"
"2","4901326037984","10","","222","153.90","240"
"2","4901326130548","8","","231","161.00","249"
"2","4901326130555","10","春日井製菓 キシリクリスタル フルーツアソートのど飴 67g","231","161.00","249"
"2","4901326130685","9","","231","153.90","249"
"2","4901330504779","27","カルビー ポテトチップス うすしお味 55g","175","120.00","189"
"2","4901330513764","1","","175","120.00","189"
"2","4901330524159","65","カルビー ポテトチップス コンソメパンチ 55g","175","120.00","189"
"2","4901330578909","120","カルビー じゃがりこ サラダ 57g","194","135.00","210"
"2","4901330578916","9","","194","135.00","210"
"2","4901330578923","1","","194","135.00","210"
"2","4901330647322","20","カルビー Jagabee うすしお味 38g","162","110.40","175"
"2","4901330648763","10","","175","120.00","189"
"2","4901330803544","13","","149","106.80","161"
"2","4901330918101","18","カルビー 堅あげポテト うすしお味 65g","217","151.00","234"
"2","4901335137484","17","湖池屋 スリムバッグ スティックポテト のり塩 34g","138","93.00","149"
"2","4901335137958","14","","138","93.00","149"
"2","4901335141337","10","","138","93.00","149"
"2","4901335141368","21","湖池屋 スリムバッグスティックポテト 金のコンソメ 34g","138","93.00","149"
"2","4901336222530","8","","134","91.00","145"
"2","4901351001691","3","","194","153.00","210"
"2","4901351001721","20","カンロ 健康のど飴たたかうマヌカハニー 80g","250","174.70","270"
"2","4901351001769","8","","212","146.00","229"
"2","4901351001776","10","","212","146.00","229"
"2","4901351002414","9","","250","175.00","270"
"2","4901351002438","5","","236","164.40","255"
"2","4901351002858","25","カンロ ヨーグリッチキャンディ 66g","231","160.00","249"
"2","4901351008645","10","カンロ 海苔のはさみ焼き 梅味 4.8g","263","182.00","284"
"2","4901351008652","17","カンロ 海苔のはさみ焼き わさび味","263","182.00","284"
"2","4901351012550","5","","231","156.60","249"
"2","4901351022238","13","カンロ ピュレリングソーダ 63g","180","126.00","194"
"2","4901351025420","5","","194","126.00","210"
"2","4901351033623","8","","111","78.80","120"
"2","4901351033654","16","","120","80.00","130"
"2","4901351036723","20","カンロ ノンシュガー果実のど飴 90g","240","163.00","259"
"2","4901351045756","5","","305","204.20","329"
"2","4901351054642","18","カンロ まるごとおいしい干し梅 19g","250","175.00","270"
"2","4901360351695","16","","83","58.00","90"
"2","4901360353415","6","","300","210.00","324"
"2","4901360353422","6","","300","210.00","324"
"2","4901360353439","5","","300","210.00","324"
"2","4901360353514","14","ブルボン プレッツェルショコラ 袋 53g","166","112.00","179"
"2","4901360353606","16","ブルボン アルフォートミニチョコレート 12個","199","138.00","215"
"2","4901360353958","9","","110","77.00","119"
"2","4901360353996","31","ブルボン シルベーヌバー","110","77.00","119"
"2","4901360354177","6","","190","133.00","205"
"2","4901360354184","6","","190","133.00","205"
"2","4901360358236","15","","83","58.00","90"
"2","4901360358311","13","","83","58.00","90"
"2","4901360358373","18","","83","58.00","90"
"2","4901360358397","10","","83","58.00","90"
"2","4901360360796","12","ブルボン アルフォート 9枚","245","171.00","265"
"2","4901360362387","1","","148","97.50","160"
"2","4901360362431","16","","120","84.00","130"
"2","4901360364718","13","","83","56.00","90"
"2","4901360364749","11","","194","133.10","210"
"2","4901360365579","17","ブルボン チーズおかき","300","210.00","324"
"2","4901360366163","6","","129","87.00","139"
"2","4901360366743","11","","138","94.00","149"
"2","4901360366996","19","ブルボン アルフォートミニチョコレート 濃チーズ","268","187.20","289"
"2","4901525010900","14","","100","75.00","108"
"2","4901550267393","8","","209","139.16","226"
"2","4901550372707","3","","231","159.00","249"
"2","4901551150632","13","","125","87.00","135"
"2","4901575416929","11","","129","88.80","139"
"2","4901588107241","3","","162","112.50","175"
"2","4901588107371","11","","129","90.00","139"
"2","4901588107395","17","","129","88.20","139"
"2","4901588131062","33","ギンビス たべっ子どうぶつ バター味 23g","92","44.10","99"
"2","4901588131475","18","","92","44.10","99"
"2","4901588131697","2","","185","126.40","200"
"2","4901588131833","11","","148","101.00","160"
"2","4901588617542","7","","138","93.00","149"
"2","4901620147440","5","","268","186.00","289"
"2","4901625421033","5","","152","105.00","164"
"2","4901625421781","19","三菱食品 かむかむレモン 30g","148","98.00","160"
"2","4901625431872","8","","111","76.00","120"
"2","4901626055527","13","三幸製菓 雪の宿サラダ 20枚","212","144.90","229"
"2","4901634017630","13","","129","87.00","139"
"2","4901671200873","1","","200","156.00","216"
"2","4901671200910","6","","200","156.00","216"
"2","4901870300374","5","","432","270.60","467"
"2","4901870301784","12","4種のミックスナッツ","373","231.80","403"
"2","4901897010720","22","佐藤製菓 良味100選 栗しぐれ 100g","120","83.60","130"
"2","4901897020590","14","","120","83.60","130"
"2","4901916012056","8","","111","76.00","120"
"2","4901930006741","5","","100","70.00","108"
"2","4901930009735","12","","100","70.00","108"
"2","4901930145792","1","","111","76.00","120"
"2","4901930173047","1","","120","80.80","130"
"2","4901940115822","13","","111","77.00","120"
"2","4901940115839","11","","111","77.00","120"
"2","4901940116362","7","","166","112.00","179"
"2","4901940116980","2","","162","112.00","175"
"2","4901990052016","9","","142","103.66","153"
"2","4901990161572","4","","217","162.00","234"
"2","4901990623193","16","マルちゃん 食べるスープ 7種の野菜鶏白湯 18g","196","143.00","212"
"2","4901990623445","19","東洋水産 マルちゃん なめらか豆腐すうぷ 鯛だし 8.2g","196","143.00","212"
"2","4901990623469","21","マルちゃん なめらか豆腐すうぷ スンドゥブチゲ味 11.3g","196","143.00","212"
"2","4902124023063","6","","150","105.00","162"
"2","4902124070968","6","","188","116.00","203"
"2","4902124071415","16","ノーベル はちみつ男梅ほし梅 20g","212","148.20","229"
"2","4902124071743","1","","231","161.00","249"
"2","4902124072306","1","","160","115.00","173"
"2","4902124072467","1","","159","105.00","172"
"2","4902124072986","11","","159","105.00","172"
"2","4902124682017","1","","200","146.00","216"
"2","4902124682086","1","","259","177.60","280"
"2","4902124682246","3","","259","178.00","280"
"2","4902181081174","6","","115","79.00","124"
"2","4902181097076","7","","300","210.00","324"
"2","4902181098844","5","","347","242.00","375"
"2","4902181100905","2","","111","75.00","120"
"2","4902181102695","6","","120","83.60","130"
"2","4902181104323","6","","129","87.00","139"
"2","4902201160629","5","","175","120.00","189"
"2","4902388034195","24","永谷園 おとなのふりかけミニ その1 20袋","268","182.00","289"
"2","4902388034201","11","永谷園 おとなのふりかけミニ その2 20袋入","268","182.00","289"
"2","4902402908853","7","","111","72.00","120"
"2","4902555268866","5","","250","175.00","270"
"2","4902555272900","21","不二家 ホームパイミニ 47g","138","92.40","149"
"2","4902555277752","17","不二家 カントリーマアム 厳選バニラ 12枚","361","252.40","390"
"2","4902555277769","18","不二家 カントリーマアム 厳選チョコ 12枚","361","252.40","390"
"2","4902555278490","7","不二家 カントリーマアム お濃い抹茶 12枚","361","252.40","390"
"2","4902555278506","14","不二家 カントリーマアム 桜きなこ 12枚","361","252.40","390"
"2","4902555278711","9","不二家 パレッティエ 北海道産ミルク","268","187.50","289"
"2","4902555278728","13","不二家 パレッティエ 北海道産メロン","268","187.50","289"
"2","4902555278766","17","不二家 モーニングホーム バター","144","97.50","156"
"2","4902555279008","1","","259","180.00","280"
"2","4902560001083","3","","212","145.00","229"
"2","4902621005555","8","ハマダコンフェクト 骨にカルシウムウエハース バニラ味 36枚","700","378.00","756"
"2","4902621005562","7","ハマダコンフェクト 鉄プラスコラーゲンウエハース ココア味 36枚","700","378.00","756"
"2","4902729700062","1","","100","70.00","108"
"2","4902729700192","0","","100","75.00","108"
"2","4902729720404","1","","120","87.00","130"
"2","4902733801045","17","","111","76.00","120"
"2","4902744037136","13","","152","104.30","164"
"2","4902744037143","19","明治チューインガム もちっとガブリチュウ 香るマスカット味 35g","152","104.30","164"
"2","4902750615113","22","UHA味覚糖 忍者めし 巨峰 20g","129","79.00","139"
"2","4902750905450","9","","138","84.00","149"
"2","4902750905498","3","","138","84.00","149"
"2","4902750905535","17","UHA味覚糖 Puccho ぶどう味","138","84.00","149"
"2","4902750910454","6","","240","161.00","259"
"2","4902750978904","64","UHA味覚糖 ぷっちょスティック とろける有田みかん","138","93.00","149"
"2","4902777006284","23","明治 マカダミアチョコ 9粒","305","210.00","329"
"2","4902777006321","23","明治 ガルボ つぶ練り苺ポケットパック 37g","305","210.00","329"
"2","4902777006338","10","","180","126.00","194"
"2","4902777026107","67","明治 ミルクチョコレート 120g","481","336.00","519"
"2","4902777026329","62","明治 ストロベリーチョコレートBOX 26枚","481","336.00","519"
"2","4902777048000","17","明治 たけのこの里ポケットパック 32g","160","112.00","173"
"2","4902777081311","21","明治 きのこの山ポケットパック 32g","160","112.00","173"
"2","4902777090337","53","明治 ブラックチョコレートBOX 26枚","481","336.00","519"
"2","4902777132129","23","明治 果汁グミ 温州みかん 54g","151","104.53","163"
"2","4902777139746","32","明治 果汁グミ ぶどう 54g","151","104.35","163"
"2","4902777204727","28","明治 アーモンドチョコレート 79g","305","210.00","329"
"2","4902777219592","11","","160","112.00","173"
"2","4902777237022","2","","260","182.00","281"
"2","4902777237596","4","","260","182.00","281"
"2","4902777250922","6","","222","152.40","240"
"2","4902777250939","24","明治 果汁グミ Special とちあいか 47g","254","177.00","274"
"2","4902782013444","7","","157","109.00","170"
"2","4902782014267","12","","148","102.00","160"
"2","4902888116209","17","森永 Hi-Chew ストロベリー","134","92.00","145"
"2","4902888116322","14","","134","92.00","145"
"2","4902888178122","9","","171","119.00","185"
"2","4902888200939","7","","134","92.00","145"
"2","4902888218811","13","森永製菓 マリー 21枚","245","171.00","265"
"2","4902888218828","7","","245","171.00","265"
"2","4902888218835","6","","245","171.00","265"
"2","4902888218842","8","","245","171.00","265"
"2","4902888218859","12","森永製菓 アーモンドクッキー 12枚","245","168.00","265"
"2","4902888219498","15","森永製菓 小枝 ミルク 44本","314","218.50","339"
"2","4902888232374","13","","120","84.00","130"
"2","4902888254307","14","","134","92.00","145"
"2","4902888255076","11","","148","89.00","160"
"2","4902888255083","17","","101","69.00","109"
"2","4902888255335","1","","150","105.00","162"
"2","4902888255359","17","森永製菓 ミルクキャラメル 12粒","150","105.00","162"
"2","4902888256219","16","森永製菓 ダース ミルク 12粒","190","133.00","205"
"2","4902888256226","21","森永製菓 白いダース 12粒","190","133.00","205"
"2","4902888269226","50","森永製菓 ミルクキャラメル あまおう苺 12粒","171","118.90","185"
"2","4902888273025","7","","140","96.80","151"
"2","4902888273414","1","","134","96.80","145"
"2","4902888274237","11","","134","91.00","145"
"2","4902888274541","13","森永製菓 マリー 発酵バター&メープル 21枚","245","171.00","265"
"2","4902888274596","6","","259","178.00","280"
"2","4902888274688","13","森永製菓 アーモンドクッキー キャラメル","245","171.00","265"
"2","4902888274701","11","森永製菓 ダースプレミアム 華やぐ苺 46g","277","193.40","299"
"2","4902888274718","17","森永製菓 ダースプレミアム 華やぐ抹茶 46g","277","193.40","299"
"2","4902888275654","14","","152","105.00","164"
"2","4902888275661","18","森永製菓 塩キャラメル","152","105.00","164"
"2","4902994061110","14","","111","76.00","120"
"2","4903015127204","2","","231","155.60","249"
"2","4903015127280","8","","231","155.60","249"
"2","4903015153500","3","","231","155.60","249"
"2","4903015153524","22","ヤマザキビスケット ルヴァンプライムチーズサンド 16枚","231","155.60","249"
"2","4903015174567","6","","231","160.60","249"
"2","4903015174581","10","ヤマザキビスケット エントリー 16枚","231","160.60","249"
"2","4903015188137","5","","127","84.30","137"
"2","4903015189448","19","","148","103.00","160"
"2","4903015329059","12","","164","103.00","177"
"2","4903015329189","12","","164","114.50","177"
"2","4903015329196","9","","164","114.50","177"
"2","4903015329219","4","","164","114.50","177"
"2","4903015329271","20","","187","129.80","202"
"2","4903015500113","11","","144","97.20","156"
"2","4903015500137","7","","91","97.20","98"
"2","4903015500458","2","","144","97.20","156"
"2","4903015518071","10","","144","97.20","156"
"2","4903015518088","12","","148","101.20","160"
"2","4903015560353","5","","162","107.90","175"
"2","4903015560360","14","","157","107.90","170"
"2","4903015560513","8","","157","107.90","170"
"2","4903015560544","4","","157","107.90","170"
"2","4903015578877","8","","162","105.90","175"
"2","4903032243406","38","","46","31.00","50"
"2","4903032243659","28","","69","44.90","75"
"2","4903032243741","41","","60","40.00","65"
"2","4903032243864","47","有楽製菓 ブラックサンダー うっとりジャンドゥーヤ","69","46.00","75"
"2","4903032243871","9","","178","123.00","192"
"2","4903032243895","49","有楽製菓 ブラックサンダー バニラ&チョコチップのサンダー","64","39.00","69"
"2","4903032244212","33","有楽製菓 ミルクマニア","83","56.00","90"
"2","4903040180939","4","","185","128.00","200"
"2","4903040180960","7","","185","128.00","200"
"2","4903080988960","29","ヤクルト NEWヤクルト 5本パック 65ml×5","239","193.00","258"
"2","4903301182900","124","ライオン クリニカ ハミガキ マイルドミント 30g","130","101.00","140"
"2","4903313130258","8","","100","75.00","108"
"2","4903326105014","5","","74","48.60","80"
"2","4903333154616","18","ロッテ チョコパイ パーソナルパック 2個","203","140.00","219"
"2","4903333203147","7","","305","211.00","329"
"2","4903333207237","25","ロッテ ゼロ カカオ70% 50g","324","225.00","350"
"2","4903333214587","20","ロッテ ゼロ シュガーフリーチョコレートクリスプ 28g","185","128.50","200"
"2","4903333226122","6","","240","168.00","259"
"2","4903333226191","4","","347","241.00","375"
"2","4903333235568","26","ロッテ ゼロ チューイングキャンディ グレープ&マスカット 26g","166","112.60","179"
"2","4903333236121","11","ロッテ クランキーエクセレント 26枚","430","299.00","464"
"2","4903333241521","6","","305","210.00","329"
"2","4903333248735","6","","324","225.00","350"
"2","4903333253920","17","ロッテ コアラのマーチ チョコ 48g","171","119.00","185"
"2","4903333265862","8","","189","129.00","204"
"2","4903333270668","14","ロッテ 小梅 60g","222","154.00","240"
"2","4903333272846","7","","195","136.00","211"
"2","4903333272860","6","","129","90.00","139"
"2","4903333297665","8","","120","82.90","130"
"2","4903333298464","21","ロッテ ゼロ シュガーフリービスケット ショコラ 11枚","305","211.00","329"
"2","4903399101562","4","","148","97.00","160"
"2","4903399102170","4","","160","112.00","173"
"2","4903399102194","8","","160","112.00","173"
"2","4903641971561","12","","129","98.00","139"
"2","4903939015335","30","ライオン菓子 コーラキャンディー 10粒","100","70.00","108"
"2","4903939015342","8","","100","70.00","108"
"2","4903939016080","1","","125","87.00","135"
"2","4903939020483","7","","240","167.00","259"
"2","4903939020605","5","","240","167.00","259"
"2","4903939020674","13","","240","167.00","259"
"2","4903939020698","13","ライオン菓子 桃の名産地キャンディー","212","146.00","229"
"2","4904053877960","11","","180","135.00","194"
"2","4904073264856","5","","111","76.00","120"
"2","4909411094317","45","キリン×ファンケル カロリミット アップルスパークリング リフレッシュ 500ml","190","124.00","205"
"2","49239423","23","カンロ 健康のど飴 梅 スティックタイプ","101","70.00","109"
"2","4931159040585","10","","111","76.00","120"
"2","49368307","12","","148","98.00","160"
"2","4941983013853","24","壮関 やわらか干しいも 52g","129","89.40","139"
"2","4941983016199","10","","162","102.30","175"
"2","4941983019480","31","壮関 そうかんのカリカリ梅 29g","162","102.30","175"
"2","49431858","10","","125","87.00","135"
"2","49431865","13","","125","87.00","135"
"2","4945329116451","3","","749","480.00","809"
"2","4945329118875","7","","749","480.00","809"
"2","4945329118899","3","","483","310.00","522"
"2","4946842501908","24","アサヒ ミンティア ワイルド&クール 50粒","111","77.00","120"
"2","4946842506866","4","","250","174.00","270"
"2","4946842509539","34","アサヒグループ食品 ミンティア ドライハード 50粒","148","100.00","160"
"2","4946842523221","33","アサヒグループ食品 ミンティア カテキンミント 50粒","148","100.00","160"
"2","4946842523306","20","アサヒグループ食品 ミンティアブリーズ シャイニーピンク 30粒","259","178.60","280"
"2","4946842524143","20","アサヒグループ食品 ミンティアブリーズ クリスタルシルバー 30粒","259","178.60","280"
"2","4946842526154","6","","129","85.00","139"
"2","4946842526345","30","アサヒグループ食品 1本満足バー プロテインチョコ","180","124.00","194"
"2","4946842527038","4","","259","178.00","280"
"2","4946842527045","5","","259","178.60","280"
"2","4946842527663","23","アサヒグループ食品 1本満足バー プロテインホワイト 39g","180","123.00","194"
"2","4946842527847","4","","160","112.00","173"
"2","4946842528325","22","アサヒ 1本満足バー プロテイン ストロベリー","180","124.00","194"
"2","4946842529209","10","","222","152.90","240"
"2","4946842529988","8","","180","126.00","194"
"2","4946842541539","37","1本満足バー プロテインストロング ココア","324","220.00","350"
"2","4946842541553","9","アサヒ 1本満足バー プロテインストロング キャラメル","319","220.00","345"
"2","4946842541812","16","","120","80.00","130"
"2","4946842541829","10","","120","80.00","130"
"2","49536126","31","ノーベル はちみつきんかんのど飴 10粒","120","84.00","130"
"2","49536225","20","","125","86.00","135"
"2","4955129031731","11","たらみ なめらか杏仁豆腐 白桃 230g","228","173.00","246"
"2","4955129033995","4","","204","155.00","220"
"2","4956248015800","0","","157","109.00","170"
"2","4956248015817","8","","157","109.00","170"
"2","4956248015831","2","","178","124.00","192"
"2","4956248016456","6","","189","131.00","204"
"2","49600551","2","","120","80.00","130"
"2","4964664919718","5","","111","76.00","120"
"2","4970311043729","3","","129","88.80","139"
"2","4970311043736","1","","129","88.80","139"
"2","4970311200948","26","","122","83.60","132"
"2","4972208700036","17","","130","91.00","140"
"2","4972208700043","17","","130","91.00","140"
"2","4972208700609","15","","129","88.00","139"
"2","4972208710219","16","","129","88.00","139"
"2","4973401569192","12","","120","83.60","130"
"2","4973401571041","8","","120","83.60","130"
"2","4973401571072","10","","120","88.80","130"
"2","4973401571089","6","","120","83.60","130"
"2","4973401571218","10","","129","78.00","139"
"2","4973512277702","6","サラヤ ラカント 低糖質スイートアーモンド 10g×10","1067","480.00","1152"
"2","4973512280382","8","サラヤ ラカント カロリーゼロ飴 ミルク珈琲味 60g","380","240.00","410"
"2","4973512280399","8","サラヤ ラカント カロリーゼロ飴 いちごミルク味 60g","380","240.00","410"
"2","4974596001146","11","","111","76.00","120"
"2","4974923183156","7","","220","161.00","238"
"2","49770308","74","明治 ポイフル 53g","148","94.50","160"
"2","49779646","14","","148","98.00","160"
"2","4978041028153","12","丸彦製菓 小さな角餅 しょうゆ 20個","490","337.00","529"
"2","4978041028160","25","マルヒコ ちいさなかくもち あっさり塩味 110g","490","337.00","529"
"2","49780741","45","ポッカサッポロ キレートレモン 155ml","145","101.00","157"
"2","4978114000062","16","","190","133.00","205"
"2","4978441341265","7","","111","76.00","120"
"2","4978576195108","3","","120","83.60","130"
"2","4987035090113","3","","250","161.11","270"
"2","4987035140719","22","大塚製薬 カロリーメイトゼリー ライム&グレープフルーツ味 215g","220","161.00","238"
"2","4987035555919","15","","143","98.00","154"
"2","4987240601944","15","龍角散 おくすり飲めたね いちご味 200g","350","245.00","378"
"11","2033131526758","22","","790","780.00","869"
"11","2200000007612","6","","1090","938.18","1199"
"11","2200000007971","9","","318","273.63","350"
"11","2200000007988","9","","318","273.63","350"
"11","2200000007995","19","","318","273.63","350"
"11","2200000013859","1","","1036","890.90","1140"
"11","2200000014016","12","","409","351.81","450"
"11","2200000014023","16","","409","351.81","450"
"11","2200000036254","13","","318","273.63","350"
"11","2239013601098","74","","627","487.00","690"
"11","2307200105275","45","","136","32.00","150"
"11","2307200105688","3","","1010","624.00","1111"
"11","2307200105848","2","","54363","44000.00","59799"
"11","2307200106098","1","","361","198.00","397"
"11","2307200106180","225","","18","6.00","20"
"11","4513643457415","2","","7000","4000.00","7700"
"11","4514469000946","32","","1920","1344.00","2112"
"11","4514469010099","16","","3400","2380.00","3740"
"11","4514469017494","7","","3400","2380.00","3740"
"11","4518707286130","7","","2954","1920.00","3249"
"11","4518707300737","5","","3218","2091.70","3540"
"11","4518707314901","7","","2573","1672.00","2830"
"11","45193255","2","","698","460.00","768"
"11","4534253413202","11","","500","275.00","550"
"11","4537130101544","5","","814","529.00","895"
"11","4537944219039","6","","1400","952.00","1540"
"11","4539860923373","4","","1000","680.00","1100"
"11","4543479072575","3","","1800","900.00","1980"
"11","4543479079734","2","","1500","900.00","1650"
"11","4543479168360","2","","1500","900.00","1650"
"11","4543479218553","1","","1500","900.00","1650"
"11","4543479218577","2","","1500","900.00","1650"
"11","4543479225773","1","","550","350.00","605"
"11","4543479225780","1","","550","350.00","605"
"11","4543479228613","4","","1500","900.00","1650"
"11","4547410550955","4","","2932","2492.00","3225"
"11","4547452231119","6","","650","439.60","715"
"11","4547531332959","1","","3000","1920.00","3300"
"11","4549032012491","4","","2142","1499.40","2356"
"11","4549032015782","141","","430","280.00","473"
"11","4549032015799","165","","375","244.00","413"
"11","4549032019926","18","","1580","1106.00","1738"
"11","4549395351121","6","","440","286.00","484"
"11","4549545461625","4","","800","480.00","880"
"11","4549545461649","5","","800","480.00","880"
"11","4549545461670","2","","800","480.00","880"
"11","4550516494320","4","","320","240.00","352"
"11","4550516494368","3","","320","240.00","352"
"11","4550585221032","20","","830","539.00","913"
"11","4550585221049","6","","830","539.00","913"
"11","4550585221056","16","","830","539.00","913"
"11","4560279550515","12","","298","203.00","328"
"11","4560279550522","16","","298","203.00","328"
"11","4560416210753","2","","11363","8140.00","12499"
"11","4562215270419","3","ケアぼうし（黒・標準型）","2400","1632.00","2640"
"11","4562215270426","3","","2400","1632.00","2640"
"11","4562215270433","1","","2400","1632.00","2640"
"11","4562215270440","1","","2400","1632.00","2640"
"11","4562215270457","2","","2400","1632.00","2640"
"11","4562215270464","1","","2400","1632.00","2640"
"11","4562215270471","1","","2400","1632.00","2640"
"11","4562215270488","1","","2400","1632.00","2640"
"11","4562215270495","2","","2400","1632.00","2640"
"11","4562215270501","2","","2400","1632.00","2640"
"11","4562215270518","2","","2400","1632.00","2640"
"11","4562215270525","2","","3100","2108.00","3410"
"11","4562215270532","2","","3100","2108.00","3410"
"11","4562215270549","1","","3100","2108.00","3410"
"11","4562215270556","2","","3100","2108.00","3410"
"11","4562215270563","2","","3100","2108.00","3410"
"11","4562215270570","2","","3100","2108.00","3410"
"11","4562215270587","2","","3100","2108.00","3410"
"11","4562215270594","2","","3100","2108.00","3410"
"11","4562215270600","2","","3100","2108.00","3410"
"11","4562215270617","3","","2900","1972.00","3190"
"11","4562215270624","3","","2900","1972.00","3190"
"11","4562215270631","3","","2900","1972.00","3190"
"11","4562215270648","2","","2900","1972.00","3190"
"11","4562215270655","3","","2900","1972.00","3190"
"11","4562215270662","2","","2900","1972.00","3190"
"11","4562215270679","2","","2900","1972.00","3190"
"11","4562215270686","2","","2900","1972.00","3190"
"11","4562215270693","2","","3100","2108.00","3410"
"11","4562215270709","2","","3100","2108.00","3410"
"11","4562215270716","2","","3100","2108.00","3410"
"11","4562215270723","2","","3100","2108.00","3410"
"11","4562215270730","3","","2800","1904.00","3080"
"11","4562215270747","1","","2800","1904.00","3080"
"11","4562215270754","2","","2800","1904.00","3080"
"11","4562215270761","14","","2400","1632.00","2640"
"11","4562215271140","20","","240","163.00","264"
"11","4562215279122","8","","1500","1050.00","1650"
"11","4570092381784","1","","298","195.00","328"
"11","4571302061168","32","","727","520.00","800"
"11","4571302061175","29","","727","520.00","800"
"11","4571302061182","65","","727","520.00","800"
"11","4571302061199","22","","727","520.00","800"
"11","4571466877759","2","","636","172.00","700"
"11","4571621443263","1","","1580","898.00","1738"
"11","4571621444222","1","","300","171.00","330"
"11","4571621449517","1","","1345","807.27","1480"
"11","4573205150444","9","","350","210.00","385"
"11","4573383660018","8","","450","270.00","495"
"11","4573383660131","16","","900","540.00","990"
"11","4573383660537","17","","450","247.00","495"
"11","4573383661954","17","","850","490.00","935"
"11","4573549590012","2","","11400","7980.00","12540"
"11","4573549590029","2","","11400","7980.00","12540"
"11","4580179944733","3","","1280","704.00","1408"
"11","4580179944740","1","","1280","704.00","1408"
"11","4580179944764","2","","1280","704.00","1408"
"11","4580179944771","4","","1280","704.00","1408"
"11","4580179944788","4","","1480","814.00","1628"
"11","4580179944795","3","","1480","814.00","1628"
"11","4580179944801","5","","1480","814.00","1628"
"11","4580179944818","2","","1480","814.00","1628"
"11","4580179944825","2","","1480","814.00","1628"
"11","4580179944832","3","","680","374.00","748"
"11","4580179944856","4","","680","374.00","748"
"11","4580179944863","1","","680","374.00","748"
"11","4580179944870","3","","680","374.00","748"
"11","4580179944894","2","","1200","660.00","1320"
"11","4580884800256","3","","1345","545.00","1480"
"11","4580884801857","70","","572","300.00","629"
"11","4582335642941","6","","2440","1708.00","2684"
"11","4582335646970","11","","550","360.00","605"
"11","4582563850101","2","","1380","966.00","1518"
"11","4589787305233","6","","2300","1560.00","2530"
"11","4589787305240","6","","2300","1560.00","2530"
"11","4589787308364","3","","1800","1450.00","1980"
"11","4589787308371","4","","1800","1450.00","1980"
"11","4901080701718","5","","815","527.00","897"
"11","4901105241441","4","","560","364.00","616"
"11","4901105274227","13","","450","293.00","495"
"11","4901105282512","10","","1560","565.45","1716"
"11","4901105397612","7","","420","240.00","462"
"11","4901121269085","5","","270","191.00","297"
"11","4901121626666","30","","142","92.00","156"
"11","4901121821238","143","","314","183.60","345"
"11","4901125010638","23","","59","33.00","65"
"11","4901301008473","5","","320","224.00","352"
"11","4901301008480","3","","750","560.00","825"
"11","4901301026118","6","","315","215.00","346"
"11","4901301043764","10","","386","270.00","425"
"11","4901301210722","5","","1500","1125.00","1650"
"11","4901301214614","14","","430","301.00","473"
"11","4901301222251","6","","450","347.00","495"
"11","4901301251589","16","花王 キュレル モイスチュアリップケアクリーム 4.2g","950","630.00","1045"
"11","4901301253231","14","","500","335.00","550"
"11","4901301286697","12","花王 メリット リンスのいらないシャンプー 200ml","500","375.00","550"
"11","4901301290700","12","","880","616.00","968"
"11","4901301291165","42","花王 ニベア スキンミルク しっとり 200g","630","453.60","693"
"11","4901301333704","7","８×４スプレー　無香料　　　５０Ｇ","495","371.00","544"
"11","4901301333711","6","花王　８×４パウダ−スプレ−フロ−ラル５０ｇ","454","340.28","499"
"11","4901301333735","7","８×４ＰＳせっけん　　　　　　　５０Ｇ","495","371.00","544"
"11","4901301334046","6","","800","600.00","880"
"11","4901301339270","16","","337","229.00","371"
"11","4901301379351","5","","1090","720.00","1199"
"11","4901301386182","8","","250","189.00","275"
"11","4901301415981","10","","380","276.87","418"
"11","4901301416438","5","","890","623.00","979"
"11","4901301448521","7","","360","252.00","396"
"11","4901301448545","12","","360","252.00","396"
"11","4901301451477","13","","702","547.00","772"
"11","4901301460561","5","","600","450.00","660"
"11","4901301460592","2","","600","450.00","660"
"11","4901301729279","2","","900","630.00","990"
"11","4901301729286","7","","800","560.00","880"
"11","4901331004124","5","","285","180.00","314"
"11","4901331004148","14","","270","180.00","297"
"11","4901331010866","6","","130","85.00","143"
"11","4901420671909","2","","2200","1430.00","2420"
"11","4901480065038","3","","620","403.00","682"
"11","4901480070018","14","","240","156.00","264"
"11","4901480070063","19","","300","195.00","330"
"11","4901480070087","8","","170","110.50","187"
"11","4901480070513","10","","130","84.50","143"
"11","4901480071282","8","","240","156.00","264"
"11","4901480071299","9","","240","156.00","264"
"11","4901480074955","11","","380","247.00","418"
"11","4901480075082","8","","110","71.50","121"
"11","4901480075587","7","","300","195.00","330"
"11","4901480098715","1","","200","130.00","220"
"11","4901480098777","9","","480","312.00","528"
"11","4901480098784","4","","480","312.00","528"
"11","4901480162485","20","","280","182.00","308"
"11","4901480192130","6","","450","292.00","495"
"11","4901480197104","5","","320","208.00","352"
"11","4901480197111","9","","320","208.00","352"
"11","4901480220055","7","","210","136.50","231"
"11","4901480220376","16","","1740","1131.00","1914"
"11","4901480294193","11","","200","130.00","220"
"11","4901480325866","3","","330","214.00","363"
"11","4901480455983","13","","480","312.00","528"
"11","4901480466965","4","","320","208.00","352"
"11","4901490313037","6","","480","312.00","528"
"11","4901601230888","18","","2300","1449.00","2530"
"11","4901601248739","7","","700","441.00","770"
"11","4901601275346","9","","2000","1260.00","2200"
"11","4901601277425","4","","1000","630.00","1100"
"11","4901601277470","3","","850","535.00","935"
"11","4901601277517","5","","750","473.00","825"
"11","4901601277562","8","","480","303.00","528"
"11","4901601277630","8","","270","170.00","297"
"11","4901601277739","8","","150","95.00","165"
"11","4901601277760","13","","270","170.00","297"
"11","4901601277777","11","","270","170.00","297"
"11","4901601277807","16","","330","208.00","363"
"11","4901601277845","7","","400","252.00","440"
"11","4901601277890","5","","650","410.00","715"
"11","4901601277913","8","","850","536.00","935"
"11","4901601278033","15","","650","410.00","715"
"11","4901601278149","10","","480","303.00","528"
"11","4901601278606","7","","220","139.00","242"
"11","4901601279047","123","","1650","1040.00","1815"
"11","4901601281453","11","","550","347.00","605"
"11","4901601282078","5","","550","347.00","605"
"11","4901601283945","10","","220","139.00","242"
"11","4901601283952","13","","280","176.00","308"
"11","4901601284621","12","","300","189.00","330"
"11","4901601285949","12","","180","114.00","198"
"11","4901601291735","7","","800","504.00","880"
"11","4901601975307","12","","600","378.00","660"
"11","4901601975864","5","","3600","2268.00","3960"
"11","4901601988505","12","","750","473.00","825"
"11","4901655440509","22","","284","195.00","312"
"11","4901681504138","23","","148","80.00","163"
"11","4901681588732","15","","250","162.50","275"
"11","4901730160445","18","","278","200.00","306"
"11","4901730180054","5","","777","325.00","855"
"11","4901750321406","4","","209","127.00","230"
"11","4901750404659","71","","650","471.95","715"
"11","4901750404857","213","","130","94.39","143"
"11","4901750484033","6","","284","195.00","312"
"11","4901755559316","12","","327","192.00","360"
"11","4901770878706","7","","857","630.00","943"
"11","4901957210084","3","","630","347.00","693"
"11","4901983309424","9","","300","210.00","330"
"11","4901991008340","12","","120","78.00","132"
"11","4901991014891","7","","140","91.00","154"
"11","4901991059892","8","","200","120.00","220"
"11","4901991703313","9","修正テープ　　　　　　　　　　　　　　　５ＭＭ×６Ｍ","250","162.50","275"
"11","4901991911732","14","","140","91.00","154"
"11","4901991911992","17","","180","117.00","198"
"11","4902172101355","120","","211","137.00","232"
"11","4902192002717","5","","620","403.00","682"
"11","4902192982705","12","","400","248.00","440"
"11","4902465803768","40","","300","255.00","330"
"11","4902470832449","25","","380","247.00","418"
"11","4902505001123","18","","200","130.00","220"
"11","4902505141317","6","","350","228.00","385"
"11","4902505150920","8","","120","78.00","132"
"11","4902505155680","1","","1400","827.27","1540"
"11","4902505277603","12","","100","65.00","110"
"11","4902505553530","7","","100","60.00","110"
"11","4902505553547","12","","100","65.00","110"
"11","4902506141002","8","","500","350.00","550"
"11","4902506340122","6","","100","60.00","110"
"11","4902508151061","11","","840","697.00","924"
"11","4902703081699","18","","135","96.00","148"
"11","4902778753330","7","","600","429.00","660"
"11","4902806131963","6","","350","245.00","385"
"11","4902806315745","6","","250","175.00","275"
"11","4902850020930","9","","220","133.32","242"
"11","4902850032339","11","","310","201.50","341"
"11","4902850032346","2","","310","201.50","341"
"11","4902850032438","12","","310","201.50","341"
"11","4902850041348","1","","140","75.00","154"
"11","4902850043571","41","","80","48.00","88"
"11","4902850440059","13","","90","54.00","99"
"11","4902850533294","4","","166","116.00","183"
"11","4903076002069","13","","130","85.00","143"
"11","4903111025404","108","","287","186.00","316"
"11","4903111194629","69","","287","186.00","316"
"11","4903111316793","33","","198","142.00","218"
"11","4903111517909","25","","570","370.05","627"
"11","4903301073628","17","","350","263.00","385"
"11","4903301138532","16","","416","291.00","458"
"11","4903301182917","136","","362","270.84","398"
"11","4903301210368","4","","1000","680.00","1100"
"11","4903301293743","91","","120","86.00","132"
"11","4903301326311","4","","300","210.00","330"
"11","4903301375364","4","","790","560.00","869"
"11","4903301519393","15","","120","86.81","132"
"11","4903336310064","4","","172","119.00","189"
"11","4904551001522","8","","180","117.00","198"
"11","4904681602712","2","","140","91.00","154"
"11","4905330087416","3","","880","572.00","968"
"11","4905330087454","2","","880","507.00","968"
"11","4905330087461","2","","880","507.00","968"
"11","4905330092175","1","","880","507.00","968"
"11","4905330092274","3","","880","572.00","968"
"11","4905330092342","2","","880","572.00","968"
"11","4907706400409","11","","366","282.00","403"
"11","4907706400423","8","","439","338.00","483"
"11","4920266054691","5","","1891","1229.00","2080"
"11","4932538042107","15","","90","18.18","99"
"11","4934651574060","1","","3000","1950.00","3300"
"11","4934651574077","2","","3000","1950.00","3300"
"11","4934651574084","2","","3000","1950.00","3300"
"11","4955959223221","6","","290","189.00","319"
"11","49572711","13","","219","143.00","241"
"11","4958995763744","4","","600","320.00","660"
"11","4960999793733","5","","1640","984.00","1804"
"11","4964694120078","2","","380","247.00","418"
"11","4964694354336","23","","400","240.00","440"
"11","4965534335027","2","","200","150.00","220"
"11","4966307154609","2","","800","480.00","880"
"11","4967991501878","2","","980","700.00","1078"
"11","4967991501892","2","","980","700.00","1078"
"11","4967991503407","3","","980","700.00","1078"
"11","4967991504183","3","","800","510.00","880"
"11","4970381802776","3","","1000","650.00","1100"
"11","4970520338012","10","","200","148.00","220"
"11","4971710309041","18","","250","195.00","275"
"11","4971710314205","14","","380","266.00","418"
"11","4971710314960","6","","250","187.50","275"
"11","4971751033318","12","","600","390.00","660"
"11","4971751033325","11","","600","390.00","660"
"11","4971751114260","19","","600","390.00","660"
"11","4971751114284","19","","600","390.00","660"
"11","4971773771076","32","","442","285.00","486"
"11","4971850918134","4","","2100","1500.00","2310"
"11","4971902921174","12","","194","135.45","213"
"11","4972242383929","16","","280","182.56","308"
"11","4972525052733","19","","2314","2120.00","2545"
"11","4972525052849","1","グリーンベル ステンレス製ニッパーつめきり＆ツメヤスリセット G-1027","3703","1484.00","4073"
"11","4972525053181","120","GREEN BELL G-1305 ステンレス製高級つめきり 金属キャッチャー付","1759","901.00","1935"
"11","4972525053396","88","グリーンベル 匠の技 ルーペ付深爪防止つめきり G-1309","1296","742.00","1426"
"11","4972525053419","7","","1574","636.00","1731"
"11","4972525514415","3","","850","485.00","935"
"11","4973077628117","9","","700","455.00","770"
"11","4973077628186","9","","700","455.00","770"
"11","4973077628216","8","","700","455.00","770"
"11","4973077628223","5","","700","455.00","770"
"11","4973077928477","1","グンゼ 7分袖ワンタッチシャツ 紳士用 HWC119 ホワイト","2800","1820.00","3080"
"11","4973077928484","4","","2300","1495.00","2530"
"11","4973077928507","6","","2300","1495.00","2530"
"11","4973077928521","6","","2300","1495.00","2530"
"11","4973221076559","12","","410","275.00","451"
"11","4973227834610","12","","332","231.00","365"
"11","4973227834627","7","","332","231.00","365"
"11","4973227834634","9","","332","231.00","365"
"11","4973228053287","14","","130","72.00","143"
"11","4973307388989","3","","527","348.00","580"
"11","4975201182229","1","","1280","806.00","1408"
"11","4975201182267","1","","1380","869.00","1518"
"11","4975201182519","1","","1480","962.00","1628"
"11","4975317188610","10","","1800","1170.00","1980"
"11","4975749011661","14","","550","358.00","605"
"11","4976680262006","10","","838","545.00","922"
"11","4976680273804","19","","590","354.00","649"
"11","4976680274108","13","","440","264.00","484"
"11","4976680274603","31","","270","150.00","297"
"11","4976680274702","12","","400","240.00","440"
"11","4976680275303","32","","270","150.00","297"
"11","4976680275402","25","","400","240.00","440"
"11","4976680786908","15","","250","150.00","275"
"11","4976680789503","15","","300","195.00","330"
"11","4976680789602","10","","350","210.00","385"
"11","4977513057639","1","","680","408.00","748"
"11","4977564338893","2","","550","357.50","605"
"11","4977564620349","13","","830","539.50","913"
"11","4977626738395","1","","10000","5000.00","11000"
"11","4977626738548","1","","9000","4500.00","9900"
"11","4977626738807","1","","11000","5500.00","12100"
"11","4977626738845","1","","11000","5500.00","12100"
"11","4977626738982","1","","11000","5500.00","12100"
"11","4977626739026","1","","11000","5500.00","12100"
"11","4977626739040","1","","11000","5500.00","12100"
"11","4977626739101","1","","10000","5000.00","11000"
"11","4977794009563","9","","190","130.00","209"
"11","4979149345517","10","","1150","748.00","1265"
"11","4979750799044","1","","1280","806.00","1408"
"11","4980089005102","39","","718","430.08","790"
"11","4980089005317","60","","600","360.00","660"
"11","4980089050041","1","","6160","4004.00","6776"
"11","4980089055015","1","","5790","3763.00","6369"
"11","4980089055039","2","","5790","3763.00","6369"
"11","4980089055046","1","","6310","4101.00","6941"
"11","4980089110202","12","","2000","1400.00","2200"
"11","4980089315737","15","","430","301.00","473"
"11","4980089316321","1","","320","208.00","352"
"11","4980089316338","1","","320","208.00","352"
"11","4980089316406","1","","200","120.00","220"
"11","4980089617879","14","","690","449.00","759"
"11","4980089908052","15","","430","301.00","473"
"11","4980089910956","8","","1080","702.00","1188"
"11","4980089910970","5","","1080","702.00","1188"
"11","4980089911267","15","","150","90.00","165"
"11","4982416743473","2","","980","780.00","1078"
"11","4982790405943","28","","150","105.00","165"
"11","4982790442542","12","","250","132.00","275"
"11","4984194322178","10","","159","111.00","175"
"11","4987036412631","34","","257","178.00","283"
"11","4987060010018","4","","2654","2000.00","2919"
"11","4987072012109","13","","100","65.00","110"
"11","4987167094690","5","","280","140.00","308"
"11","4987176286307","11","","702","491.00","772"
"11","4987241127054","5","","992","705.00","1091"
"11","4987241155712","6","","992","705.00","1091"
"11","4987244126573","3","","425","318.75","468"
"11","4987286417936","7","","1545","1105.00","1700"
"11","4987480003034","2","","4000","2400.00","4400"
"11","4987480003041","2","","5000","3000.00","5500"
"11","4987892100116","4","","2230","1304.00","2453"
"11","4990097065425","4","","1200","840.00","1320"
"11","4990097065432","5","","1290","839.00","1419"
"11","4990097065449","4","","1290","839.00","1419"
"11","4990097065456","3","","1290","839.00","1419"
"11","4990097065463","5","","1290","839.00","1419"
"11","4990097070344","7","","1500","975.00","1650"
"11","4990097943075","15","","1666","1275.00","1833"
"11","4990795030404","3","","1500","975.00","1650"
"11","4990795043176","1","","1500","972.00","1650"
"11","4990795046931","1","","1500","972.00","1650"
"11","4990795047815","2","","1600","1040.00","1760"
"11","4994917100150","5","","2000","1200.00","2200"
"11","4996740571053","1","","136","40.00","150"
"11","4996740599019","6","","136","40.00","150"
"11","768627655941","0","","1920","1344.00","2112"
"27","2072010000279","15","","420","370.00","462"
"27","2072010001399","65","","90","56.36","99"
"27","2072010001405","71","","223","141.81","245"
"27","2072010001429","384","","220","121.00","242"
"27","2072010001436","168","","220","121.00","242"
"27","2072010001474","280","","95","32.50","105"
"27","2072010001481","204","","53","27.00","58"
"27","2072010001511","19","","105","63.00","116"
"27","2072010001528","57","","293","183.63","322"
"27","2074010001485","59","","70","51.45","77"
"27","2074010001515","2","","7800","6240.00","8580"
"27","2074010001553","48","","3727","2780.00","4100"
"27","2074020000119","14","","8500","5950.00","9350"
"27","2074020000126","7","","1700","1360.00","1870"
"27","2074020000157","8","","850","666.40","935"
"27","2074020000201","43","","317","181.66","349"
"27","2099060000844","4","","2160","1440.00","2376"
"27","2099060000851","92","","1143","850.00","1257"
"27","2099060000875","61","","350","280.00","385"
"27","2099060000905","23","","213","171.00","234"
"27","2099060001124","26","","370","267.00","407"
"27","2099060001148","36","","50","31.35","55"
"27","2099060001247","0","","538","443.00","592"
"27","2307200100256","34","メピレックスボーダーＡＧ７．５×７．５　３９５２００","1309","950.00","1440"
"27","2307200100461","7","","456","380.00","502"
"27","2307200100775","15","","55","26.46","61"
"27","2307200100812","80","","158","106.66","174"
"27","2307200100928","3","","168","61.20","185"
"27","2307200100935","37","","179","70.60","197"
"27","2307200100942","46","","179","78.00","197"
"27","2307200100959","12","","190","83.00","209"
"27","2307200100966","69","","52","21.00","57"
"27","2307200100997","57","","52","23.00","57"
"27","2307200101000","15","","89","17.00","98"
"27","2307200101017","8","","181","65.00","199"
"27","2307200101024","70","","40","16.00","44"
"27","2307200101031","47","","30","13.00","33"
"27","2307200101468","38","","92","67.52","101"
"27","2307200101581","9","","775","341.00","853"
"27","2307200101642","6","","1980","1185.00","2178"
"27","2307200101833","62","","32","24.00","35"
"27","2307200101840","28","","60","29.40","66"
"27","2307200101901","26","","508","240.00","559"
"27","2307200101932","11","","900","666.40","990"
"27","2307200102113","28","","110","82.50","121"
"27","2307200102144","10","","292","156.00","321"
"27","2307200102151","0","","145","78.00","160"
"27","2307200102243","36","","800","610.00","880"
"27","2307200102250","17","","2200","1760.00","2420"
"27","2307200102267","13","","2200","1760.00","2420"
"27","2307200102274","16","","2200","1760.00","2420"
"27","2307200102304","14","","7633","5820.00","8396"
"27","2307200102328","33","","1143","850.00","1257"
"27","2307200102373","6","メピレックス　トランスファー　１５×２０ｃ（１枚）","1200","1080.00","1320"
"27","2307200103448","1","","14000","8400.00","15400"
"27","2307200103608","2","","30000","21000.00","33000"
"27","2307200103622","1","","9000","6300.00","9900"
"27","2307200103639","1","","9000","6300.00","9900"
"27","2307200103646","1","","31181","18709.00","34299"
"27","2307200103752","1","","58918","35351.00","64810"
"27","2307200104025","1","","9800","7800.00","10780"
"27","2307200104445","1","","4600","4140.00","5060"
"27","2307200104537","10","","4600","4140.00","5060"
"27","2307200104636","200","","253","96.00","278"
"27","2307200104643","149","","314","130.00","345"
"27","2307200104650","306","","508","234.00","559"
"27","2307200104667","25","","199","144.00","219"
"27","2307200104674","26","","318","302.00","350"
"27","2307200104711","179","サージット１０（６０×７０？）","153","7396.36","168"
"27","2307200105091","129","","340","130.00","374"
"27","2307200105213","56","","800","500.00","880"
"27","2307200105312","6","","1200","780.00","1320"
"27","2307200105442","15","","644","427.00","708"
"27","2307200105503","8","","400","327.27","440"
"27","2307200105510","46","","180","132.00","198"
"27","2307200105541","1","","34363","21818.00","37799"
"27","2307200105565","4","","1680","1343.63","1848"
"27","2307200105589","10","","1780","1067.27","1958"
"27","2307200106289","11","メピレックスボーダーＡｇ　１０ｃｍ×１０ｃｍ","2200","1650.00","2420"
"27","4042809137880","2","Actimove Sling Comfort（腕吊りバンド）","1250","848.00","1375"
"27","4251855900571","1","PARI VORTEX スペーサー 小児用マウスピース付","2200","1750.00","2420"
"27","4514469000960","12","","1920","1344.00","2112"
"27","4514469102077","13","セラバンド ミニパック 弱黄（13cm×1.5m）","740","518.00","814"
"27","4514469102084","3","セラバンドミニパック 中弱赤（1.5m）","800","560.00","880"
"27","4514469961803","5","セラバンドミニパック 中緑","850","595.00","935"
"27","4516638008388","1","FOCAL 聴診器 スーパースコープ FC-201S ブラック","2256","1700.00","2482"
"27","4516638008395","4","","2256","1700.00","2482"
"27","4517850000877","32","NEWマジックカップ N10026（介護用コップ）","980","768.00","1078"
"27","4517850000884","4","","920","676.00","1012"
"27","4537944201003","1","","3200","2080.00","3520"
"27","4537944201102","1","","3200","2080.00","3520"
"27","4537944201201","3","","3200","2080.00","3520"
"27","4537944201409","1","","3200","2080.00","3520"
"27","4537944201508","1","","3200","2080.00","3520"
"27","4537944201607","2","","3200","2080.00","3520"
"27","4537944201706","1","","3200","2080.00","3520"
"27","4537944201805","1","","3200","2080.00","3520"
"27","4537944216601","4","","3200","2080.00","3520"
"27","4537944216700","2","","3200","2080.00","3520"
"27","4537944217004","4","","3200","2080.00","3520"
"27","4537944220202","8","","3200","2080.00","3520"
"27","4537944220301","3","","3200","2080.00","3520"
"27","4537944229601","2","","3200","2080.00","3520"
"27","4537944229700","4","","3200","2080.00","3520"
"27","4537944229809","1","","3200","2080.00","3520"
"27","4537944229908","3","","3200","2080.00","3520"
"27","4537944230003","2","","3200","2080.00","3520"
"27","4542187003543","60","","1200","890.00","1320"
"27","4542187003550","51","","1200","890.00","1320"
"27","4550309132712","3","","3500","2800.00","3850"
"27","4550309175221","4","テガダームロール１０ｃｍ×１０ｍ","4900","3698.00","5390"
"27","4560372710465","6","","5537","4200.00","6091"
"27","4562215276213","2","ケアぼうし（オーガニックボーダー ネイビー）","2600","1820.00","2860"
"27","4562215279115","1","","1100","545.45","1210"
"27","4562215279207","4","QOL総合研究所 毛付きぼうし ラピス ショートタイプ","9800","6750.00","10780"
"27","4562215279221","6","QOL総合研究所 毛付きぼうし ラピス ミディアムタイプ","13500","9180.00","14850"
"27","4580362080118","17","ベーテル・プラス ベーテル保湿ローション 300mL","1050","758.00","1155"
"27","4580362083287","4","","1900","1440.00","2090"
"27","4580362083294","2","","1900","1440.00","2090"
"27","4580362083300","2","","1900","1440.00","2090"
"27","4580362085878","4","","1900","1520.00","2090"
"27","4580362085885","3","","1900","1520.00","2090"
"27","4580362085892","4","","1900","1520.00","2090"
"27","4580362085908","2","","2600","2080.00","2860"
"27","4580362085915","5","","2600","2080.00","2860"
"27","4580362085922","4","","2600","2080.00","2860"
"27","4582111151865","3","オプサイトクイックロール５ｃｍ×３ｍ","1920","1300.00","2112"
"27","4582111151995","5","","6660","4360.00","7326"
"27","4582111152657","2","","5850","3800.00","6435"
"27","4582152570069","3","","3800","2850.00","4180"
"27","4582152573978","33","","2300","1725.00","2530"
"27","4582152573985","24","","2400","1800.00","2640"
"27","4582320394015","21","","19500","17500.00","21450"
"27","4589787303376","8","","2500","2000.00","2750"
"27","4589787303390","5","","2500","1950.00","2750"
"27","4589787305165","4","","2500","2000.00","2750"
"27","4589796650034","5","","3900","3120.00","4290"
"27","4589796650089","5","レディケア8（Lady Care 8）シリコーンゲルシート（帝王切開傷跡用）","2500","2000.00","2750"
"27","4589796650126","5","","4000","3200.00","4400"
"27","4589796650164","15","","5000","4000.00","5500"
"27","4900070116617","1","","3476","1875.00","3824"
"27","4900070116624","2","","4000","2175.00","4400"
"27","4900070116631","1","","4619","2475.00","5081"
"27","4900070116648","1","","5000","2850.00","5500"
"27","4900070118925","4","","670","392.00","737"
"27","4900070118949","6","","670","392.00","737"
"27","4900070119229","5","","670","490.00","737"
"27","4900070119236","10","","670","490.00","737"
"27","4900070119519","4","","2400","1764.00","2640"
"27","4900070119526","5","","2400","1764.00","2640"
"27","4900070120010","2","","1600","1176.00","1760"
"27","4900070120027","4","","1800","1323.00","1980"
"27","4900070120034","2","","1400","1029.00","1540"
"27","4900070168326","1","","1890","1418.00","2079"
"27","4900070168333","2","","1760","1200.00","1936"
"27","4900070168357","1","","1650","1020.00","1815"
"27","4900070172118","9","","1000","686.00","1100"
"27","4900070172125","7","","680","466.00","748"
"27","4900070175515","1","","2500","1715.00","2750"
"27","4900070175522","1","","2500","1750.00","2750"
"27","4900070175539","1","","2500","1750.00","2750"
"27","4900070175546","1","","2500","1750.00","2750"
"27","4900070175614","6","","1500","1029.00","1650"
"27","4900070176017","1","","2500","1750.00","2750"
"27","4900070176024","1","","2500","1750.00","2750"
"27","4900070184234","1","","3990","2940.63","4389"
"27","4900070184326","1","","3990","2940.63","4389"
"27","4900070184517","2","","5040","3714.48","5544"
"27","4900070184616","2","","3710","2570.00","4081"
"27","4900070184630","1","","3710","2570.00","4081"
"27","4900070184715","1","","3710","2570.00","4081"
"27","4900070184722","3","","3710","2570.00","4081"
"27","4900070184814","2","","3990","2940.63","4389"
"27","4900070184845","1","","3990","2940.63","4389"
"27","4900070184913","1","","3990","2940.63","4389"
"27","4900070185132","1","","5040","3714.48","5544"
"27","4900070185156","1","","5040","3714.48","5544"
"27","4900070185217","1","","5040","3714.48","5544"
"27","4900070185224","1","","5040","3714.48","5544"
"27","4900070185248","1","","5040","3714.48","5544"
"27","4900070185255","2","","5040","3714.48","5544"
"27","4900070185354","2","","6300","4643.10","6930"
"27","4900070185415","1","","3470","2557.39","3817"
"27","4900070185514","2","","3470","2557.39","3817"
"27","4900070185521","1","","3470","2557.39","3817"
"27","4900070185934","1","","5040","3714.48","5544"
"27","4900070186030","2","","5040","3714.48","5544"
"27","4900070186122","1","","5040","3714.48","5544"
"27","4900070186214","1","","3780","2785.86","4158"
"27","4900070186245","1","","3780","2785.86","4158"
"27","4900070186320","1","","3780","2785.86","4158"
"27","4900070186450","4","","4410","3250.17","4851"
"27","4900070186511","1","","4410","3250.17","4851"
"27","4900070202716","2","","3710","2570.00","4081"
"27","4900070202723","2","","3710","2570.00","4081"
"27","4900070202730","3","","3710","2570.00","4081"
"27","4900070202747","1","","3710","2570.00","4081"
"27","4900070202754","1","","3710","2570.00","4081"
"27","4900070202815","1","","3710","2570.00","4081"
"27","4900070209319","1","","2800","2140.00","3080"
"27","4900070213415","3","","3700","2770.00","4070"
"27","4900070213514","2","","2272","1665.00","2499"
"27","4900070213521","5","","1300","910.00","1430"
"27","4901080421715","1","","900","664.00","990"
"27","4901301049148","4","","2000","1200.00","2200"
"27","4901301049155","12","花王 ソフティ薬用ミルクローション 250ml","1320","790.00","1452"
"27","4901301289353","6","花王 キュレル ボディウォッシュ ポンプ 420mL","1500","950.00","1650"
"27","4901301333025","4","花王プロフェッショナル ソフティ EX-CARE 泡ハンドウォッシュ 500mL","919","550.00","1011"
"27","4901301507365","89","花王プロフェッショナル ソフティ 保護オイル 90mL","1350","810.00","1485"
"27","4901301508638","2","花王 ソフティ薬用泡ハンドウォッシュ クイック&クリア 500mL","920","570.00","1012"
"27","4901301510082","4","花王プロフェッショナル ソフティ 泡洗浄料 150mL","600","408.00","660"
"27","4901301510099","4","","870","523.00","957"
"27","4901601975734","8","","750","418.00","825"
"27","4902610109271","5","","427","276.00","470"
"27","4902610140700","1","","1309","847.00","1440"
"27","4902610140809","73","白十字 T字帯 1号 30cm×90cm","399","258.00","439"
"27","4902610462116","9","白十字 FC指キャップ 3本入","314","203.00","345"
"27","4902610462123","4","白十字 ファミリーケア 綿手袋 Mサイズ 1組入","324","210.00","356"
"27","4902610462130","5","","324","210.00","356"
"27","4902720086271","151","クリニコ エンジョイプロテイン 700g","6500","4637.00","7150"
"27","4903111359400","15","ユニ・チャーム ソフィ 超熟睡ガード330 特に多い夜用 14枚","545","420.00","600"
"27","4903111362301","15","ユニ・チャーム ソフィ はだおもい極うすスリム210 羽つき 24枚","515","382.00","566"
"27","4904820380600","101","大衛 アメジスト 術後腹帯マジックテープ 1枚入","907","500.00","998"
"27","4904820381249","1","","3888","1900.00","4277"
"27","4904820393068","1","","5069","3200.00","5576"
"27","4931839807552","8","","28000","25200.00","30800"
"27","4937006521009","1","","3425","2800.00","3768"
"27","4937006521382","28","ピジョン 妊娠中から使える骨盤ベルト Mサイズ ブラック","3818","2700.00","4200"
"27","4937006521399","18","","3818","2700.00","4200"
"27","4946452461029","2","","3000","1500.00","3300"
"27","4946452461036","3","","3000","2520.00","3300"
"27","4946452461043","4","","3000","2520.00","3300"
"27","4946452461050","4","","3000","2520.00","3300"
"27","4958286053080","4","","2470","1900.00","2717"
"27","4958995385625","6","","5000","2100.00","5500"
"27","4958995385632","11","","5000","2100.00","5500"
"27","4958995385649","11","","5000","2100.00","5500"
"27","4958995388831","8","","560","447.27","616"
"27","4958995405903","38","","1145","750.00","1260"
"27","4958995405927","41","","1145","750.00","1260"
"27","4958995409802","29","","1600","1150.00","1760"
"27","4958995409857","11","","1872","1280.00","2059"
"27","4958995774627","201","","298","230.00","328"
"27","4958995841527","4","","1272","850.00","1399"
"27","4958995841558","6","","1272","850.00","1399"
"27","4958995841725","2","","1272","850.00","1399"
"27","4958995841732","4","","1272","850.00","1399"
"27","4958995841749","2","","1272","850.00","1399"
"27","4958995841756","1","","1272","850.00","1399"
"27","4958995911343","11","","2000","1365.00","2200"
"27","4963931146741","4","","2420","1815.45","2662"
"27","4970170109741","2","","1300","760.00","1430"
"27","4970170109765","3","","1800","1050.00","1980"
"27","4971032218717","53","","1090","450.00","1199"
"27","4971032720067","1","","420","294.00","462"
"27","4971032720111","14","","570","270.00","627"
"27","4971032720166","9","","420","294.00","462"
"27","4971032749600","28","","500","350.00","550"
"27","4971032749617","30","","500","350.00","550"
"27","4971032749624","24","","500","350.00","550"
"27","4973655189962","4","","1500","980.00","1650"
"27","4974704500431","251","サンファイバー 1kg（太陽化学）","4090","3257.00","4499"
"27","4975175011846","15","","500","365.00","550"
"27","4975416823054","2","","8095","5100.00","8904"
"27","4975479416156","2","","1300","1105.00","1430"
"27","4975974032233","3","","1209","845.00","1330"
"27","4975974034046","4","","1600","1040.00","1760"
"27","4975974034053","2","","1600","1040.00","1760"
"27","4976006712000","2","","5100","3363.00","5610"
"27","4976006712345","1","","5100","3400.00","5610"
"27","4976006713199","10","","3800","2180.00","4180"
"27","4977626730993","8","","500","250.00","550"
"27","4977626731006","7","","500","250.00","550"
"27","4977626731013","6","","500","250.00","550"
"27","4977626731037","8","","600","300.00","660"
"27","4977626731051","6","","500","250.00","550"
"27","4977626733291","2","","3500","1150.00","3850"
"27","4977626733338","2","","4700","1540.00","5170"
"27","4977626733345","2","","4700","1540.00","5170"
"27","4977626733543","2","","4500","2250.00","4950"
"27","4977626733550","2","","4500","2250.00","4950"
"27","4977626733567","2","","4500","2250.00","4950"
"27","4977626733666","1","","8000","4000.00","8800"
"27","4977626733901","2","","1900","950.00","2090"
"27","4977626733918","1","","1900","950.00","2090"
"27","4977626735028","9","","600","300.00","660"
"27","4977626735844","8","","1100","550.00","1210"
"27","4977626737282","3","","1200","600.00","1320"
"27","4977626737657","1","フジホーム かるがもファム2 伸縮 ブーケ WB5213（介護用杖）","6200","3100.00","6820"
"27","4977626737855","1","","6200","3100.00","6820"
"27","4977626737886","1","","5600","2800.00","6160"
"27","4985972107239","2","","1000","650.00","1100"
"27","4985972107246","3","","1000","650.00","1100"
"27","4985972107918","3","","1000","650.00","1100"
"27","4985972107925","2","","1000","650.00","1100"
"27","4987035685029","54","大塚製薬 経腸用半固形剤専用アダプタ（ISO 80369-3タイプ）20個入","1800","1120.00","1980"
"27","4987036161119","3","","890","527.27","979"
"27","4987067292004","1","","1500","1036.36","1650"
"27","4987072082737","2","","935","700.00","1028"
"27","4987086533256","6","","7222","6000.00","7944"
"27","4987086550420","11","","2500","2000.00","2750"
"27","4987086550444","27","","575","433.00","632"
"27","4987086561365","22","","2000","1600.00","2200"
"27","4987086561402","59","ソフレット針 30本入（三和化学研究所）","620","420.00","682"
"27","4987133013533","3","","980","671.00","1078"
"27","4987133015391","2","","647","980.00","712"
"27","4987164311509","13","","398","239.00","438"
"27","4987164311608","318","プラチナバン NO.324 Mサイズ 38枚","698","419.00","768"
"27","4987164311707","11","","518","311.00","570"
"27","4987167000219","3","","1270","953.00","1397"
"27","4987167081928","11","","1800","1170.00","1980"
"27","4987167081935","7","","1800","1170.00","1980"
"27","4987167081942","7","","1800","1170.00","1980"
"27","4987167091125","10","","1800","1170.00","1980"
"27","4987167430511","20","","250","150.00","275"
"27","4987188151440","1","","724","557.00","796"
"27","4987240601753","2","龍角散 らくらく服薬ゼリー スティックタイプ 25g×6本入","350","244.00","385"
"27","4987241139521","1","","3185","1000.00","3504"
"27","4987350000019","211","テルモ メディセーフファインタッチII MS-FT2R（穿刺器具）","2100","1110.00","2310"
"27","4987350008954","1","","1785","1106.70","1964"
"27","4987350073099","2","","26040","16144.80","28644"
"27","4987350302557","78","テルモ サフィードネラトンカテーテル SF-ND1232S 12Fr（自己導尿用）10本セット","2520","1960.00","2772"
"27","4987350302571","64","テルモ サフィードネラトンカテーテル SF-ND0811S 8Fr（女性向け）50本入","2520","1588.00","2772"
"27","4987350302595","10","","2150","1800.00","2365"
"27","4987350394255","1","","3123","1300.00","3435"
"27","4987350394514","28","","41","15.00","45"
"27","4987350394798","1","","60","39.00","66"
"27","4987350396716","1","","3190","1176.00","3509"
"27","4987350398079","1","","3390","1660.00","3729"
"27","4987350398918","1","","3761","1530.00","4137"
"27","4987350399892","1","","4844","2192.00","5328"
"27","4987350486998","2","","23415","14517.30","25757"
"27","4987350487155","1","","23415","14517.30","25757"
"27","4987350666413","2","","10710","6640.20","11781"
"27","4987350666451","3","","10710","6640.20","11781"
"27","4987350893468","1","","10710","6640.20","11781"
"27","4987350893475","1","","10710","6640.20","11781"
"27","4987379926116","0","","800","410.00","880"
"27","4987382034136","10","","909","454.54","1000"
"27","4987382044241","6","","19000","15000.00","20900"
"27","4987426002961","2","","545","413.63","600"
"27","4987439196947","7","","400","333.00","440"
"27","4987458111624","1","","490","324.00","539"
"27","4987475116978","5","","425","131.00","468"
"27","4987482238731","1","","2476","1685.71","2724"
"27","4987494068784","25","","863","720.00","949"
"27","4987494068791","23","","863","720.00","949"
"27","4987494068807","9","","863","720.00","949"
"27","4987494262328","3","","863","720.00","949"
"27","4987578102373","10","","1500","1280.00","1650"
"27","4987580149793","28","","1500","940.00","1650"
"27","4987580211452","56","3M キャビロン 非アルコール性皮膜スプレー 28mL","2000","1568.00","2200"
"27","4987580212756","22","","430","300.00","473"
"27","4987601593499","6","","9000","5892.00","9900"
"27","4987601593505","11","","9000","5892.00","9900"
"27","4987601593512","10","","9000","5892.00","9900"
"27","4987603109285","6","","473","306.00","520"
"27","4987603109520","2","","231","150.00","254"
"27","4987603109582","13","","114","74.00","125"
"27","4987603109605","7","","731","473.00","804"
"27","4987603109803","6","","309","200.00","340"
"27","4987603109872","11","","275","178.00","302"
"27","4987603109889","6","","275","178.00","302"
"27","4987603109896","22","","275","178.00","302"
"27","4987603114401","1","","756","489.00","832"
"27","4987603114517","50","","246","159.00","271"
"27","4987603114975","13","","1030","667.00","1133"
"27","4987603115095","150","白十字 ショットメン 100包入（消毒用アルコール綿）","672","435.00","739"
"27","4987603140097","3","","577","373.00","635"
"27","4987603141940","217","白十字 サージカルマスクプレミアム ふつうサイズ 50枚入","1719","1112.00","1891"
"27","4987603169012","20","","394","255.00","433"
"27","4987603169029","18","","394","255.00","433"
"27","4987603169043","7","","1000","647.00","1100"
"27","4987603169050","18","","1000","647.00","1100"
"27","4987603169067","19","","1000","647.00","1100"
"27","4987603190795","42","","1374","889.00","1511"
"27","4987603190801","1","","5667","3667.00","6234"
"27","4987603190818","12","","3264","2112.00","3590"
"27","4987603190825","28","白十字 モイスキンパッド1515 滅菌済 30袋入","3984","2578.00","4382"
"27","4987603190832","68","白十字 モイスキンパッド1530 滅菌済 30袋入","5976","3867.00","6574"
"27","4987603190849","8","","3496","2262.00","3846"
"27","4987603190917","1","モイスキンシート１５×５","3800","2195.00","4180"
"27","4987603190979","6","","910","589.00","1001"
"27","4987603312098","3","","1134","734.00","1247"
"27","4987603317307","6","","1173","759.00","1290"
"27","4987603317314","11","","1173","759.00","1290"
"27","4987603317321","10","","1173","759.00","1290"
"27","4987603317338","3","","1173","759.00","1290"
"27","4987603331402","19","","1390","900.00","1529"
"27","4987603331440","188","","138","89.00","152"
"27","4987603331501","21","","1390","900.00","1529"
"27","4987603331549","159","","138","89.00","152"
"27","4987603331990","2","","1522","985.00","1674"
"27","4987603354494","85","","241","156.00","265"
"27","4987603354593","115","","241","156.00","265"
"27","4987603354869","19","","1538","995.00","1692"
"27","4987603354968","19","","1538","995.00","1692"
"27","4987603355767","45","","198","128.00","218"
"27","4987603355866","42","","198","128.00","218"
"27","4987603355897","22","","1669","1080.00","1836"
"27","4987603355910","23","","1669","1080.00","1836"
"27","4987603358423","15","","2349","1520.00","2584"
"27","4987603358430","3","","2349","1520.00","2584"
"27","4987603358621","79","","224","145.00","246"
"27","4987603358638","95","","224","145.00","246"
"27","4987603426788","4","","580","377.00","638"
"27","4987603440531","11","","1622","1050.00","1784"
"27","4987603440548","10","","1622","1050.00","1784"
"27","4987603440555","12","","1622","1050.00","1784"
"27","4987603450837","19","","510","330.00","561"
"27","4987603450844","37","","473","306.00","520"
"27","4987603450868","17","","730","472.00","803"
"27","4987603450936","14","","379","245.00","417"
"27","4987603462175","4","","286","185.00","315"
"27","4987603463325","4","","266","172.00","293"
"27","4987603491021","2","","494","320.00","543"
"27","4987603491038","1","","494","320.00","543"
"27","4987715034529","1","アクアセルＡｇアドバンテージ　５ｃｍ×５ｃｍ","3000","2600.00","3300"
"27","4987767650012","2","","2800","2110.00","3080"
"27","4987788513129","6","","3100","18880.00","3410"
"27","4987892033834","350","テルモ エレマーノ2 電子血圧計 ES-H56","15000","14000.00","16500"
"27","4987892116292","1447","テルモ電子体温計 C207 ET-C207S","2850","1600.00","3135"
"27","4987892137419","45","テルモ 電子体温計 P237（ET-P237WZ）","1354","950.00","1489"
"27","4987910003030","2","","827","565.00","910"
"27","4987935231364","251","ワンタッチアクロ（採血用穿刺器具）1本入","1145","600.00","1260"
"27","4987935231395","86","","540","360.00","594"
"27","4987935300015","63","ワンタッチベリオリフレクト（自己検査用グルコース測定器）本体","2709","1200.00","2980"
"27","4990097970552","35","","500","350.00","550"
"27","5000223411466","2","オプサイトフレキシフィックス　５×１０","3060","2040.00","3366"
"27","5000223411473","2","オプサイト　１０×１０","5304","3540.00","5834"
"27","5000223441241","17","","190","152.00","209"
"27","5690977181908","3","","9047","7900.00","9952"
"27","5690977181915","3","","9047","7900.00","9952"
"27","5690977181922","6","","9047","7900.00","9952"
"27","610075122745","3","","1100","916.00","1210"
"27","610075151219","0","","777","540.00","855"
"27","610075205486","4","","2400","1999.00","2640"
"27","6956382425723","116","竹虎 N-95マスク 立体型 SQ100G 1枚入×10包","1500","1000.00","1650"
"27","705928003088","8","","1100","715.00","1210"
"27","705928052611","5","","2000","1400.00","2200"
"27","707387565398","3","","2700","2037.00","2970"
"27","707387565404","2","テガダームロール１０ｃｍ×１０ｍ","4900","3698.00","5390"
"27","707387789558","3","","12000","10500.00","13200"
"27","707387789589","12","3M Littmann Classic III モニタリング聴診器 5809","12000","10500.00","13200"
"27","858145006438","3","","1400","893.00","1540"
"28","2307200106104","4","","5940","4700.00","6534"
"28","45076411","18","","1000","680.00","1100"
"28","4528457060003","3","","1200","900.00","1320"
"28","4537944998019","1","","2000","1000.00","2200"
"28","4547531761926","1","","600","272.00","660"
"28","4548162333100","10","","700","560.00","770"
"28","4549395666058","7","","2882","1628.00","3170"
"28","4549395821037","73","3M キャビロン 皮膚用リムーバー 50mL TP1-L50","1800","1120.00","1980"
"28","4560105688009","19","ケンツメディコ ワンハンド電子血圧計 KM-370III用ウォッシャブルカフ S","2909","1636.00","3200"
"28","4560375430964","62","サンファイバースティック 6g×30包（太陽化学）","2272","1900.00","2499"
"28","4571107830013","5","","3700","2561.00","4070"
"28","4571107830020","15","","3700","2561.00","4070"
"28","4571107830037","5","","3700","2561.00","4070"
"28","4571107830044","9","","3700","2561.00","4070"
"28","4571107830051","6","","3700","2561.00","4070"
"28","4571107830068","7","","3700","2561.00","4070"
"28","4571107830075","8","","3700","2561.00","4070"
"28","4571107830082","3","","3700","2561.00","4070"
"28","4571107830099","9","","3700","2561.00","4070"
"28","4571107830105","7","","3700","2561.00","4070"
"28","4571107830112","6","","3700","2561.00","4070"
"28","4571107830129","8","","3700","2561.00","4070"
"28","4571107830136","6","","3700","2561.00","4070"
"28","4571107830143","4","","3700","2561.00","4070"
"28","4571107830150","9","","3700","2561.00","4070"
"28","4571107830167","10","","3700","2561.00","4070"
"28","4571107830174","10","","3700","2561.00","4070"
"28","4571107830181","6","","4000","2765.00","4400"
"28","4571107830198","3","","4000","2765.00","4400"
"28","4571107830204","3","","4000","2765.00","4400"
"28","4571107830211","2","","4500","3105.00","4950"
"28","4571107830228","2","","4500","3105.00","4950"
"28","4571107830235","3","","4500","3105.00","4950"
"28","4571107830242","2","","4500","3105.00","4950"
"28","4571107830297","4","","4400","3037.00","4840"
"28","4571107830303","4","","4400","3037.00","4840"
"28","4571107830310","5","","4400","3037.00","4840"
"28","4571107830327","4","","4400","3037.00","4840"
"28","4571107830365","7","","4200","2901.00","4620"
"28","4571107830372","2","","4200","2901.00","4620"
"28","4571107830389","2","","4200","2901.00","4620"
"28","4571107830396","2","","4200","2901.00","4620"
"28","4571107830402","5","","5000","3445.00","5500"
"28","4571107830419","6","","5000","3445.00","5500"
"28","4571107830426","3","","5000","3445.00","5500"
"28","4571107830433","4","","5000","3445.00","5500"
"28","4571107830488","4","","5000","3445.00","5500"
"28","4571107830495","3","","5000","3445.00","5500"
"28","4571107830501","3","","5000","3445.00","5500"
"28","4571107830518","4","","5000","3445.00","5500"
"28","4571107830556","5","","5500","3785.00","6050"
"28","4571107830563","5","","5500","3785.00","6050"
"28","4571107830570","3","","5500","3785.00","6050"
"28","4571107830587","6","","5500","3785.00","6050"
"28","4571107830594","5","","5500","3785.00","6050"
"28","4571107830600","7","","5500","3785.00","6050"
"28","4571107830617","3","","5500","3785.00","6050"
"28","4571107830648","2","","2681","1881.00","2949"
"28","4571107830655","3","","2681","1881.00","2949"
"28","4571107830662","2","","2681","1881.00","2949"
"28","4571107830709","4","","3181","2221.00","3499"
"28","4571107830716","5","","3181","2221.00","3499"
"28","4571107830723","4","","3181","2221.00","3499"
"28","4571107830792","2","","3181","2221.00","3499"
"28","4571107830839","8","","3700","2561.00","4070"
"28","4571107830846","2","","5000","3445.00","5500"
"28","4571107830853","4","","5000","3445.00","5500"
"28","4571107830860","5","","5000","3445.00","5500"
"28","4571107830877","2","","5000","3445.00","5500"
"28","4571107830914","6","","3400","2357.00","3740"
"28","4571107830921","9","","3400","2357.00","3740"
"28","4571107830938","10","","3400","2357.00","3740"
"28","4571107830945","6","","3400","2357.00","3740"
"28","4571107830990","9","","5500","3785.00","6050"
"28","4571107831010","2","","8200","5621.00","9020"
"28","4571107831027","3","","8200","5621.00","9020"
"28","4571107831034","3","","8200","5621.00","9020"
"28","4571107831041","2","","8200","5621.00","9020"
"28","4571107831058","4","","5000","3445.00","5500"
"28","4571107831065","4","","5000","3445.00","5500"
"28","4571107831072","3","","5000","3445.00","5500"
"28","4571107831089","2","","5000","3445.00","5500"
"28","4571107831096","3","","5000","3445.00","5500"
"28","4571107831102","4","","5000","3445.00","5500"
"28","4571107831119","4","","5000","3445.00","5500"
"28","4571107831126","4","","5000","3445.00","5500"
"28","4571107831133","4","","3700","2561.00","4070"
"28","4571107831140","4","","3700","2561.00","4070"
"28","4571107831157","8","","3700","2561.00","4070"
"28","4571107831164","7","","3700","2561.00","4070"
"28","4571107831171","4","","3700","2561.00","4070"
"28","4571107831225","2","","4500","3105.00","4950"
"28","4571107831232","7","","4500","3105.00","4950"
"28","4571107831249","4","","4500","3105.00","4950"
"28","4571107831256","3","","4500","3105.00","4950"
"28","4571107831263","3","","4500","3105.00","4950"
"28","4571107831270","3","","4500","3105.00","4950"
"28","4571107831287","2","","4500","3105.00","4950"
"28","4571107831294","2","","4500","3105.00","4950"
"28","4571107831300","8","","3700","2561.00","4070"
"28","4571107831317","8","","3700","2561.00","4070"
"28","4571107831324","7","","3700","2561.00","4070"
"28","4571107831331","4","","3700","2561.00","4070"
"28","4571107831348","9","","3700","2561.00","4070"
"28","4571107831355","7","","3700","2561.00","4070"
"28","4571107831362","8","","3700","2561.00","4070"
"28","4571107831379","6","","3400","2357.00","3740"
"28","4571107831386","11","","3400","2357.00","3740"
"28","4571107831393","6","","3400","2357.00","3740"
"28","4571107831409","8","","3400","2357.00","3740"
"28","4571107831454","3","","4400","3037.00","4840"
"28","4571107831461","4","","4400","3037.00","4840"
"28","4571107831478","3","","4400","3037.00","4840"
"28","4571107831485","2","","4400","3037.00","4840"
"28","4571107831492","7","","3700","2561.00","4070"
"28","4571107831508","7","","3700","2561.00","4070"
"28","4571107831515","7","","3700","2561.00","4070"
"28","4571107831522","4","","3700","2561.00","4070"
"28","4571107831539","6","","3400","2357.00","3740"
"28","4571107831546","6","","3400","2357.00","3740"
"28","4571107831553","8","","3400","2357.00","3740"
"28","4571107831560","5","","3400","2357.00","3740"
"28","4571107831577","4","","3400","2357.00","3740"
"28","4571107831584","5","","3400","2357.00","3740"
"28","4571107831591","4","","3400","2357.00","3740"
"28","4571107831607","5","","3400","2357.00","3740"
"28","4571107831614","6","","3700","2561.00","4070"
"28","4571107831621","5","","3700","2561.00","4070"
"28","4571107831638","8","","3700","2561.00","4070"
"28","4571107831645","4","","3700","2561.00","4070"
"28","4571107831652","6","","3700","2561.00","4070"
"28","4571107831669","7","","3700","2561.00","4070"
"28","4571107831676","4","","3700","2561.00","4070"
"28","4571107831683","5","","3700","2561.00","4070"
"28","4571107831690","3","","4200","2901.00","4620"
"28","4571107831706","5","","4200","2901.00","4620"
"28","4571107831713","3","","4200","2901.00","4620"
"28","4571107831720","2","","4200","2901.00","4620"
"28","4571107831737","4","","4700","3241.00","5170"
"28","4571107831744","2","","4700","3241.00","5170"
"28","4571107831751","4","","4700","3241.00","5170"
"28","4571107831768","1","","4700","3241.00","5170"
"28","4571107831775","2","","4200","2901.00","4620"
"28","4571107831782","5","","4200","2901.00","4620"
"28","4571107831799","2","","4200","2901.00","4620"
"28","4571107831805","2","","4200","2901.00","4620"
"28","4571107833519","5","","3400","2357.00","3740"
"28","4571107833526","3","","3400","2357.00","3740"
"28","4571107833533","8","","3400","2357.00","3740"
"28","4571107833540","2","","3400","2357.00","3740"
"28","4571107833557","2","","3400","2357.00","3740"
"28","4571107833564","4","","3400","2357.00","3740"
"28","4571107833571","3","","3400","2357.00","3740"
"28","4571107833588","2","","3700","2561.00","4070"
"28","4571107833595","2","","3700","2561.00","4070"
"28","4571107833601","5","","3700","2561.00","4070"
"28","4571107833618","4","","3700","2561.00","4070"
"28","4571107833694","2","","5900","3545.00","6490"
"28","4571107833700","3","","5900","3545.00","6490"
"28","4571107833717","2","","3181","2221.00","3499"
"28","4571107833724","5","","3181","2221.00","3499"
"28","4571107833731","9","","3181","2221.00","3499"
"28","4571107833748","3","","3181","2221.00","3499"
"28","4571107833762","3","","3700","2561.00","4070"
"28","4571107833779","6","","3700","2561.00","4070"
"28","4571621440064","1","","591","1120.00","650"
"28","4580554010022","1934","","3000","850.00","3300"
"28","4582105370944","3","","18000","12727.00","19800"
"28","4582105370968","6","","18000","12727.00","19800"
"28","4582105370982","3","","18000","12727.00","19800"
"28","4582111180261","4","","1640","1280.00","1804"
"28","4582111180278","2","","1640","1225.00","1804"
"28","4582111180292","3","","2350","1764.00","2585"
"28","4582111180308","5","","1380","1030.00","1518"
"28","4582152570021","1","","3800","2850.00","4180"
"28","4582229422161","82","ユーグレナのちから 120粒","5200","1560.00","5720"
"28","4582229422178","11","","2400","600.00","2640"
"28","4582229422185","11","ユーグレナのちから 240粒","9163","4715.00","10079"
"28","4589763790077","29","","1200","840.00","1320"
"28","4589859281038","12","","2945","2061.81","3240"
"28","4595986293073","180","デクスコム G7 CGMシステムセンサー","3719","4500.00","4091"
"28","4900070119823","1","","18000","12727.00","19800"
"28","4900070176819","1","","2400","1800.00","2640"
"28","4900070177113","3","","1600","1176.00","1760"
"28","4900070180311","3","","2300","1800.00","2530"
"28","4900070187631","3","","2280","1650.00","2508"
"28","4900070210018","1","","2860","2002.00","3146"
"28","4900070210025","1","","1950","1365.00","2145"
"28","4900070213613","3","","2100","1540.00","2310"
"28","4900070213620","5","","1600","1170.00","1760"
"28","4901301257642","3","","450","294.00","495"
"28","4901577026997","4","","1030","721.00","1133"
"28","4901957035007","3","","450","293.00","495"
"28","4902508021050","1","","2709","1709.00","2980"
"28","4902508211116","2","","760","479.00","836"
"28","4902610134006","0","","1740","957.00","1914"
"28","4902610462062","5","","490","319.00","539"
"28","4902610462079","5","","490","319.00","539"
"28","4902610462086","2","","490","319.00","539"
"28","4902720133135","6","","2545","1840.00","2800"
"28","4903725519641","1","","4500","3150.00","4950"
"28","4903725520067","1","","4500","3150.00","4950"
"28","4903725520111","2","","4500","3150.00","4950"
"28","4904820361258","2","","6500","6321.00","7150"
"28","4934989083975","30","","5909","4400.00","6500"
"28","4934989611390","30","","40909","35000.00","45000"
"28","4958995073324","1","","3577","1120.00","3935"
"28","4968124217659","1","","1909","1227.00","2100"
"28","4971032720135","10","","600","320.00","660"
"28","4971032753096","1","","955","1120.00","1050"
"28","4971032753102","1","","955","1120.00","1050"
"28","4971773772257","11","","1400","650.00","1540"
"28","4971773772318","3","","216","132.00","238"
"28","4972525053594","30","","1181","827.00","1299"
"28","4972525534864","1","","455","200.00","501"
"28","4972525534901","1","","455","200.00","501"
"28","4972525535243","1","","1218","900.00","1340"
"28","4972525702706","92","グリーンベル しなるバターピーラーナイフ SJ-K380","1227","818.00","1350"
"28","4973210993614","5","","421","325.00","463"
"28","4973877001035","7","","3600","2125.00","3960"
"28","4976558007227","4","","1309","916.00","1440"
"28","4979607002020","7","","1200","400.00","1320"
"28","4979607010223","64","","1000","650.00","1100"
"28","4985972108328","2","","1181","400.00","1299"
"28","4987086534208","11","","1909","1090.00","2100"
"28","4987087011128","19","","650","450.00","715"
"28","4987240601456","6","","350","245.00","385"
"28","4987241106578","3","","2300","1495.00","2530"
"28","4987286407531","6","","1000","520.00","1100"
"28","4987306055506","5","","380","280.00","418"
"28","4987306055520","5","","380","280.00","418"
"28","4987306055544","6","","380","280.00","418"
"28","4987306055568","4","","380","280.00","418"
"28","4987335111204","15","","380","215.00","418"
"28","4987335111228","9","","1300","720.00","1430"
"28","4987335220357","1","","591","1120.00","650"
"28","4987335310591","30","","600","200.00","660"
"28","4987335320231","3","","6545","3620.00","7200"
"28","4987335320248","1","","6272","3618.00","6899"
"28","4987350000996","3","","5300","3311.00","5830"
"28","4987350001030","12","","5300","3311.00","5830"
"28","4987350001054","3","","5300","3311.00","5830"
"28","4987350001078","3","","5300","3311.00","5830"
"28","4987350001115","6","","7400","4632.00","8140"
"28","4987350001139","11","","7400","4632.00","8140"
"28","4987350001153","5","","7400","4632.00","8140"
"28","4987350001191","2","","8500","5313.00","9350"
"28","4987350001238","2","","9400","5891.00","10340"
"28","4987350001290","3","","8500","5313.00","9350"
"28","4987350009494","2","","4500","2703.00","4950"
"28","4987350009593","6","","4500","2703.00","4950"
"28","4987350009616","2","","5900","3545.00","6490"
"28","4987350009654","3","","5900","3545.00","6490"
"28","4987350009678","2","","5900","3545.00","6490"
"28","4987350009692","4","","5900","3545.00","6490"
"28","4987350009739","8","","5400","3247.00","5940"
"28","4987350009777","3","","5400","3247.00","5940"
"28","4987350009791","1","","5400","3247.00","5940"
"28","4987350009838","7","","5400","3247.00","5940"
"28","4987350009852","4","","6700","4035.00","7370"
"28","4987350073037","1","","29700","18734.00","32670"
"28","4987350073051","8","","29700","18734.00","32670"
"28","4987350073075","3","","27000","16875.00","29700"
"28","4987350095169","1","","9400","5875.00","10340"
"28","4987350095220","2","","10300","6441.00","11330"
"28","4987350095244","1","","10300","6441.00","11330"
"28","4987350095404","1","","13200","8250.00","14520"
"28","4987350095428","1","","14500","9954.00","15950"
"28","4987350291011","13","","2520","1960.00","2772"
"28","4987350302618","59","テルモ サフィードネラトンカテーテル SF-ND1211S 12Fr（女性向け）50本入","2520","1960.00","2772"
"28","4987350302632","124","テルモ ネラトンカテーテル SF-ND1411S 50本入","2520","1960.00","2772"
"28","4987350303554","45","","2520","1960.00","2772"
"28","4987350303615","7","","2520","1960.00","2772"
"28","4987350309075","10","","2822","1600.00","3104"
"28","4987350410757","7","","4500","2789.00","4950"
"28","4987350410795","35","","4500","2789.00","4950"
"28","4987350410818","27","","4500","2789.00","4950"
"28","4987350410832","17","","5900","3545.00","6490"
"28","4987350410856","39","","5900","3545.00","6490"
"28","4987350410870","7","","5900","3545.00","6490"
"28","4987350410894","5","","5900","3545.00","6490"
"28","4987350410917","23","","5900","3545.00","6490"
"28","4987350410931","3","","5900","3545.00","6490"
"28","4987350418135","3","","14112","10220.00","15523"
"28","4987350475398","1","","5800","3670.00","6380"
"28","4987350484192","5","","5900","3545.00","6490"
"28","4987350484239","10","","5900","3545.00","6490"
"28","4987350484390","23","","5400","3247.00","5940"
"28","4987350484536","30","","6700","4035.00","7370"
"28","4987350608277","2","","7400","5220.00","8140"
"28","4987350658913","4","","1100","837.00","1210"
"28","4987350658937","5","","1500","1020.00","1650"
"28","4987350658951","6","","1800","1230.00","1980"
"28","4987350658975","5","","2100","1430.00","2310"
"28","4987350660817","13","","3900","2447.00","4290"
"28","4987350663375","0","","2410","1507.00","2651"
"28","4987350663894","1","","12300","7688.00","13530"
"28","4987350663917","3","","12300","7688.00","13530"
"28","4987350665034","5","","3900","2447.00","4290"
"28","4987350665775","1","","14500","9528.00","15950"
"28","4987350665799","2","","13200","8250.00","14520"
"28","4987350666017","1","","12400","7063.00","13640"
"28","4987350666116","1","","11300","7063.00","12430"
"28","4987350666130","2","","11300","7063.00","12430"
"28","4987350666499","206","ジョブスト ウルトラシアー20 ハイソックス シルキーベージュ S（弾性ストッキング）","4300","2590.00","4730"
"28","4987350666512","38","ジョブスト ウルトラシアー20 ハイソックス シルキーベージュ M JP-U20KMS","4300","2590.00","4730"
"28","4987350666574","140","ジョブスト ウルトラシアー20 ハイソックス ブラック M","4300","2590.00","4730"
"28","4987350666710","1","","5800","3484.00","6380"
"28","4987350666772","2","","5800","3484.00","6380"
"28","4987350666895","4","","5900","3545.00","6490"
"28","4987350873170","3","","4900","3070.00","5390"
"28","4987350886675","6","","6200","3890.00","6820"
"28","4987350886736","6","","6200","3890.00","6820"
"28","4987350886750","13","","6200","3890.00","6820"
"28","4987350892775","2","","9000","5892.00","9900"
"28","4987350892782","1","","7800","5115.00","8580"
"28","4987350892799","1","","7800","5115.00","8580"
"28","4987350892928","1","","6200","3886.00","6820"
"28","4987350893192","4","","24000","14998.00","26400"
"28","4987350893314","4","","6200","3890.00","6820"
"28","4987350893642","2","","10300","6441.00","11330"
"28","4987350893680","1","","10300","6441.00","11330"
"28","4987350893888","3","","24000","14987.00","26400"
"28","4987382002401","1","","1300","900.00","1430"
"28","4987382044258","12","","13000","9950.00","14300"
"28","4987382044265","42","","13000","9950.00","14300"
"28","4987431559078","8","","2310","1680.00","2541"
"28","4987458111617","2","","627","376.00","690"
"28","4987458111662","6","","627","376.00","690"
"28","4987458111709","21","","627","376.00","690"
"28","4987601591730","12","","5300","3311.00","5830"
"28","4987601591754","3","","5300","3311.00","5830"
"28","4987601591761","9","","5300","3311.00","5830"
"28","4987601591808","4","","7400","4632.00","8140"
"28","4987601591839","3","","9400","5891.00","10340"
"28","4987601591990","1","","29700","18734.00","32670"
"28","4987601592072","2","","12400","8680.00","13640"
"28","4987601592096","2","","12400","7850.00","13640"
"28","4987601592102","2","","12400","7850.00","13640"
"28","4987601592119","2","","12400","7850.00","13640"
"28","4987601592126","2","","12400","7850.00","13640"
"28","4987601592133","2","","12400","7850.00","13640"
"28","4987601592140","2","","12400","7850.00","13640"
"28","4987601592188","2","","27700","19012.00","30470"
"28","4987601592195","2","","27700","19012.00","30470"
"28","4987601592201","2","","27700","19012.00","30470"
"28","4987601592218","2","","27700","19012.00","30470"
"28","4987601592256","4","","1800","1230.00","1980"
"28","4987601593529","3","","7800","5115.00","8580"
"28","4987601593536","5","","7800","5115.00","8580"
"28","4987601593543","8","","7800","5115.00","8580"
"28","4987601593550","56","","3100","1941.00","3410"
"28","4987601593567","30","","3100","1941.00","3410"
"28","4987601593574","33","","3100","1941.00","3410"
"28","4987601593581","67","","3100","1941.00","3410"
"28","4987601593598","52","","3100","1941.00","3410"
"28","4987601593604","34","","3100","1941.00","3410"
"28","4987601593611","64","","3100","1941.00","3410"
"28","4987601593628","29","","3100","1941.00","3410"
"28","4987601593635","35","","3100","1941.00","3410"
"28","4987601593659","3","","12300","7688.00","13530"
"28","4987601593666","3","","12300","7688.00","13530"
"28","4987601594724","2","","10300","6441.00","11330"
"28","4987601594731","2","","10300","6441.00","11330"
"28","4987601594748","2","","10300","6441.00","11330"
"28","4987601594755","2","","10300","7265.00","11330"
"28","4987601594762","3","","10300","6441.00","11330"
"28","4987601594786","2","","10300","6441.00","11330"
"28","4987601594847","2","","14500","9760.00","15950"
"28","4987601594854","5","","14500","9760.00","15950"
"28","4987601594861","2","","14500","9760.00","15950"
"28","4987601594878","3","","14500","9760.00","15950"
"28","4987601594885","3","","14500","9760.00","15950"
"28","4987601594892","2","","14500","9760.00","15950"
"28","4987601594908","1","","14500","9760.00","15950"
"28","4987601594915","3","","14500","9760.00","15950"
"28","4987601594946","2","","24000","14987.00","26400"
"28","4987601594953","2","","24000","14987.00","26400"
"28","4987601594960","3","","24000","14987.00","26400"
"28","4987601594977","2","","24000","14987.00","26400"
"28","4987601594984","4","","24000","14987.00","26400"
"28","4987601594991","4","","24000","14987.00","26400"
"28","4987601595004","3","","24000","14987.00","26400"
"28","4987601595011","3","","24000","14987.00","26400"
"28","4987601595028","2","","24000","14987.00","26400"
"28","4987601595035","4","","24000","14987.00","26400"
"28","4987601595042","2","","24000","14987.00","26400"
"28","4987601595073","4","","12400","7670.00","13640"
"28","4987601595080","2","","12400","7670.00","13640"
"28","4987601595097","2","","12400","7670.00","13640"
"28","4987601595103","4","","12400","7670.00","13640"
"28","4987601595110","2","","12400","7670.00","13640"
"28","4987601595127","3","","12400","7670.00","13640"
"28","4987601595134","2","","12400","7670.00","13640"
"28","4987601595141","2","","12400","7770.00","13640"
"28","4987601595158","2","","12400","7670.00","13640"
"28","4987601595165","2","","12400","7770.00","13640"
"28","4987601595172","4","","12400","7670.00","13640"
"28","4987601595189","2","","10300","6441.00","11330"
"28","4987601595202","2","","10300","6441.00","11330"
"28","4987601595219","6","","10300","6441.00","11330"
"28","4987601595233","2","","10300","6441.00","11330"
"28","4987601595240","2","","10300","6441.00","11330"
"28","4987601595257","2","","10300","6441.00","11330"
"28","4987601595271","2","","10300","6441.00","11330"
"28","4987601595288","2","","10300","6441.00","11330"
"28","4987601595325","2","","14500","9954.00","15950"
"28","4987601595332","2","","14500","9954.00","15950"
"28","4987601595349","2","","14500","9050.00","15950"
"28","4987601595356","2","","14500","9050.00","15950"
"28","4987601595363","2","","14500","9050.00","15950"
"28","4987601595370","2","","14500","9050.00","15950"
"28","4987601595387","4","","14500","9960.00","15950"
"28","4987601595394","2","","14500","9960.00","15950"
"28","4987601595424","3","","24000","14987.00","26400"
"28","4987601595431","3","","24000","14987.00","26400"
"28","4987601595448","1","","24000","14987.00","26400"
"28","4987601595455","2","","24000","14987.00","26400"
"28","4987601595462","2","","24000","14987.00","26400"
"28","4987601595479","2","","24000","14987.00","26400"
"28","4987601595486","2","","24000","14987.00","26400"
"28","4987601595493","2","","24000","14987.00","26400"
"28","4987601595509","3","","24000","14987.00","26400"
"28","4987601595516","1","","24000","14987.00","26400"
"28","4987601595523","4","","24000","14987.00","26400"
"28","4987601595776","5","","25400","15894.00","27940"
"28","4987601595851","1","","10300","6452.00","11330"
"28","4987601595875","5","","10300","6452.00","11330"
"28","4987601595882","3","","10300","6452.00","11330"
"28","4987601595899","26","","3900","3440.00","4290"
"28","4987601595905","9","","4900","3070.00","5390"
"28","4987601595912","2","","4900","3070.00","5390"
"28","4987601595929","8","","4900","3070.00","5390"
"28","4987601595936","7","","4900","3070.00","5390"
"28","4987601595943","10","","4900","3070.00","5390"
"28","4987601595950","8","","4900","3070.00","5390"
"28","4987601595967","6","","6200","3890.00","6820"
"28","4987601596001","9","","6200","3890.00","6820"
"28","4987601596018","7","","6200","3890.00","6820"
"28","4987601596025","1","","17500","10930.00","19250"
"28","4987601596063","2","","7800","4911.00","8580"
"28","4987601596070","4","","7800","4911.00","8580"
"28","4987601596087","4","","7800","4911.00","8580"
"28","4987601596094","14","","4300","2590.00","4730"
"28","4987601596100","3","","4300","2726.00","4730"
"28","4987601596117","14","","4500","2703.00","4950"
"28","4987601596124","39","","4300","2590.00","4730"
"28","4987601596131","6","","4300","2726.00","4730"
"28","4987601596148","7","","4500","2703.00","4950"
"28","4987601596155","28","","4300","2590.00","4730"
"28","4987601596162","18","","4300","2726.00","4730"
"28","4987601596179","19","","4500","2703.00","4950"
"28","4987601596186","32","","4300","2590.00","4730"
"28","4987601596193","7","","4300","2726.00","4730"
"28","4987601596209","26","","4500","2703.00","4950"
"28","4987601596216","29","","4300","2590.00","4730"
"28","4987601596223","8","","4300","2726.00","4730"
"28","4987601596230","16","","4500","2703.00","4950"
"28","4987601596247","54","","4300","2590.00","4730"
"28","4987601596254","9","","4300","2726.00","4730"
"28","4987601596261","10","","4500","2703.00","4950"
"28","4987601596292","8","","4500","2840.00","4950"
"28","4987601596308","2","","4300","2726.00","4730"
"28","4987601596360","10","","5400","3247.00","5940"
"28","4987601596377","11","","5400","3247.00","5940"
"28","4987601596384","18","","5400","3247.00","5940"
"28","4987601596391","19","","5400","3247.00","5940"
"28","4987601596407","9","","5400","3247.00","5940"
"28","4987601596414","9","","5400","3247.00","5940"
"28","4987601596421","1","","5400","3414.00","5940"
"28","4987601596445","17","","5800","3484.00","6380"
"28","4987601596452","15","","5800","3484.00","6380"
"28","4987601596469","11","","5800","3484.00","6380"
"28","4987601596476","17","","5800","3484.00","6380"
"28","4987601596483","9","","5800","3484.00","6380"
"28","4987601596490","6","","5800","3484.00","6380"
"28","4987601596506","12","","4500","2789.00","4950"
"28","4987601596513","26","","4500","2789.00","4950"
"28","4987601596520","19","","4500","2789.00","4950"
"28","4987601596537","57","","4500","2789.00","4950"
"28","4987601596544","17","","4500","2789.00","4950"
"28","4987601596551","20","","4500","2789.00","4950"
"28","4987601596568","2","","4500","2845.00","4950"
"28","4987601596575","13","","4500","2845.00","4950"
"28","4987601596582","10","","5400","3247.00","5940"
"28","4987601596599","10","","5400","3247.00","5940"
"28","4987601596605","9","","5400","3247.00","5940"
"28","4987601596612","12","","5400","3247.00","5940"
"28","4987601596629","16","","5400","3247.00","5940"
"28","4987601596636","23","","5400","3247.00","5940"
"28","4987601596643","3","","5400","3247.00","5940"
"28","4987601596667","25","","5900","3545.00","6490"
"28","4987601596674","5","","5900","3691.00","6490"
"28","4987601596681","13","","5900","3446.00","6490"
"28","4987601596698","36","","5900","3545.00","6490"
"28","4987601596704","9","","5900","3691.00","6490"
"28","4987601596711","2","","5900","3545.00","6490"
"28","4987601596728","19","","5900","3545.00","6490"
"28","4987601596735","14","","5900","3691.00","6490"
"28","4987601596742","23","","5900","3545.00","6490"
"28","4987601596759","24","ジョブスト ウルトラシアー30 ハイソックス シルキーベージュ M","5900","3545.00","6490"
"28","4987601596766","4","","5900","3691.00","6490"
"28","4987601596773","16","","5900","3545.00","6490"
"28","4987601596780","23","","5900","3545.00","6490"
"28","4987601596797","5","","5900","3691.00","6490"
"28","4987601596803","2","","5900","3545.00","6490"
"28","4987601596810","24","","5900","3545.00","6490"
"28","4987601596827","5","","5900","3691.00","6490"
"28","4987601596834","7","","5900","3545.00","6490"
"28","4987601596858","3","","5900","3691.00","6490"
"28","4987601596872","1","","5900","4160.00","6490"
"28","4987601596889","2","","5900","3691.00","6490"
"28","4987601596896","2","","5900","4160.00","6490"
"28","4987601596933","2","","6700","4035.00","7370"
"28","4987601596940","15","","6700","4035.00","7370"
"28","4987601596957","13","","6700","4035.00","7370"
"28","4987601596964","17","","6700","4035.00","7370"
"28","4987601596971","13","","6700","4035.00","7370"
"28","4987601596988","10","","6700","4035.00","7370"
"28","4987601596995","2","","6700","4035.00","7370"
"28","4987601597015","19","","7100","4269.00","7810"
"28","4987601597022","13","","7100","4269.00","7810"
"28","4987601597039","11","","7100","4269.00","7810"
"28","4987601597046","13","","5900","3545.00","6490"
"28","4987601597053","5","","5900","3691.00","6490"
"28","4987601597060","5","","5900","3545.00","6490"
"28","4987601597077","6","","5900","3691.00","6490"
"28","4987601597091","4","","5900","3691.00","6490"
"28","4987601597107","6","","5900","3545.00","6490"
"28","4987601597114","11","","5900","3691.00","6490"
"28","4987601597121","11","","5900","3545.00","6490"
"28","4987601597138","6","","5900","3691.00","6490"
"28","4987601597145","16","","5900","3545.00","6490"
"28","4987601597152","5","","5900","3691.00","6490"
"28","4987601597169","5","","5900","3691.00","6490"
"28","4987601597183","3","","5900","3691.00","6490"
"28","4987601597206","23","","6700","4035.00","7370"
"28","4987601597213","21","","6700","4035.00","7370"
"28","4987601597220","5","","6700","4035.00","7370"
"28","4987601597237","8","","6700","4035.00","7370"
"28","4987601597244","11","","6700","4035.00","7370"
"28","4987601597251","11","","6700","4035.00","7370"
"28","4987601597268","2","","6700","4607.00","7370"
"28","4987601597275","1","","6700","4147.00","7370"
"28","4987603109247","4","","170","95.00","187"
"28","4987603112490","1","","500","259.00","550"
"28","4987603169036","19","","390","220.00","429"
"28","4987603190962","14","","1060","530.00","1166"
"28","4987603190986","6","","1060","530.00","1166"
"28","4987603190993","5","","1060","530.00","1166"
"28","4987603426061","6","","410","220.00","451"
"28","4987603426078","11","","410","220.00","451"
"28","4987603426283","7","","490","294.00","539"
"28","4987603426665","29","","2240","1020.00","2464"
"28","4987603426672","51","","2460","1050.00","2706"
"28","4987603426689","48","","2460","1050.00","2706"
"28","4987603426696","20","","2690","1100.00","2959"
"28","4987603426955","2","","790","474.00","869"
"28","4987603427396","12","","175","136.00","193"
"28","4987603427549","1","","2380","1250.00","2618"
"28","4987603427556","1","","2380","1250.00","2618"
"28","4987603428140","39","","3360","2586.00","3696"
"28","4987603428157","8","白十字 FC腰サポート 楽ベルト","3360","2586.00","3696"
"28","4987603428164","15","","3360","2586.00","3696"
"28","4987603462489","8","","570","285.00","627"
"28","4987603462601","9","","390","234.00","429"
"28","4987603462663","6","","490","319.00","539"
"28","4987603462670","6","","490","319.00","539"
"28","4987603462694","6","","490","319.00","539"
"28","4987603463240","26","","660","363.00","726"
"28","4987603463288","5","","550","303.00","605"
"28","4987603463585","10","ＦＣワンタッチ包帯Ｓサイズ２５ｍｍ×３ｍ","420","210.00","462"
"28","4987603463592","8","ＦＣワンタッチ包帯Ｍサイズ５０ｍｍ×３ｍ","530","265.00","583"
"28","4987603463981","4","","420","230.00","462"
"28","4987603464155","10","","370","185.00","407"
"28","4987603464162","7","","530","318.00","583"
"28","4987603464179","6","","530","318.00","583"
"28","4987603629547","560","","90","65.00","99"
"28","4987696239401","2","","1250","863.00","1375"
"28","4987767610108","26","","1040","702.00","1144"
"28","4987767614601","25","","1000","658.00","1100"
"28","4987767624242","2","","1600","1230.00","1760"
"28","4987767624341","3","","1760","1266.36","1936"
"28","4987788513112","19","","3100","1880.00","3410"
"28","4987788513587","12","","140","19.00","154"
"28","4987892028731","7","","6700","4035.00","7370"
"28","4987892028779","9","","6700","4035.00","7370"
"28","4987892030833","3","","2800","2018.00","3080"
"28","4987892030871","2","","2800","2018.00","3080"
"28","4987892031571","3","","14200","10190.00","15620"
"28","4987892032110","1","","12700","9190.00","13970"
"28","4987892033872","133","テルモ電子血圧計P2020専用ACアダプタ XX-ES353","3360","2110.00","3696"
"28","4987892069079","1","","3100","1941.00","3410"
"28","4987892069192","1","","3100","1941.00","3410"
"28","4987892075858","2","","15500","9810.00","17050"
"28","4987892091490","1","","15900","9938.00","17490"
"28","4987892117749","5","","4300","2726.00","4730"
"28","4987892117787","6","","4300","2726.00","4730"
"28","4987892117800","1","","4300","2726.00","4730"
"28","4987892117817","2","","4300","2726.00","4730"
"28","4987892117831","3","","4300","2726.00","4730"
"28","4987892117848","4","","4300","2726.00","4730"
"28","4987892117855","2","","4500","2840.00","4950"
"28","4987892117879","4","","5400","3247.00","5940"
"28","4987892117893","2","","5400","3414.00","5940"
"28","4987892117909","4","","5400","3414.00","5940"
"28","4987892117923","2","","5900","4160.00","6490"
"28","4987892117961","6","","5900","3691.00","6490"
"28","4987892117992","1","","5900","3691.00","6490"
"28","4987892118005","4","","5900","3691.00","6490"
"28","4987892118029","2","","5900","3691.00","6490"
"28","4987892118036","1","","5900","3691.00","6490"
"28","4987892118050","3","","5900","3691.00","6490"
"28","4987892118104","2","","5900","3691.00","6490"
"28","4987892118128","2","","5900","4160.00","6490"
"28","4987892118142","2","","6700","4607.00","7370"
"28","4987892118159","2","","6700","4720.00","7370"
"28","4987892118166","1","","6700","4035.00","7370"
"28","4987892144523","3","","27700","19012.00","30470"
"28","7612367073318","19","","1027","690.00","1130"
